0,1,2,3,4,5
1.1543574,-0.2620843,-0.00010177493,0.829347,-0.009254448,1.423317
0.5187118,-0.061785623,-0.1747731,0.53830194,1.5355885,0.17315245
-0.28947502,0.5867559,0.4971331,0.57467467,1.2651291,0.5747964
0.6899437,1.5796076,-0.09446333,0.40797254,0.8193314,1.1950998
0.26463717,0.3208912,-0.14673105,0.15167046,0.36877984,0.20709714
-0.5199551,0.025723353,1.0255151,1.014424,0.82725126,0.08674954
0.07761609,1.7744111,1.1237149,0.6061815,0.26185188,0.26504692
1.5488064,1.3394178,0.962397,0.7376585,-1.1297146,0.3034362
-0.52794194,0.6199245,0.43476352,0.16889352,0.2936138,0.12667564
-0.46863097,0.23112671,0.06676169,1.4606102,1.7282991,0.8464036
0.40228665,0.55520415,0.3082431,0.98256695,-0.2799061,0.03859457
0.61076826,0.72991276,0.2798296,0.18346435,0.090789676,-0.34606412
0.6501722,0.65264636,-0.6111139,0.5011107,0.91795427,0.3108106
0.021611385,1.4199468,0.54232824,0.4770085,0.08037691,1.7871966
0.5558303,1.1253453,1.6332704,-0.043258287,0.08115808,0.061187062
1.045308,0.011444017,0.19967687,0.07979503,0.28351584,0.26373824
0.14970899,0.73873836,-0.11058907,0.1770754,0.5348511,-0.022119008
1.0733135,1.174628,0.17492977,0.11248227,0.52239716,-0.40069354
0.11740242,-0.20739983,0.35874918,0.030696228,0.35573506,0.06131874
0.43389142,0.5694306,-0.17656222,0.168987,0.32880756,0.0872749
0.94868535,1.134417,0.36216897,-0.11833019,0.44564772,0.109423935
-0.5957715,0.1320026,0.6696689,1.4151437,0.90578604,0.16098353
0.07355859,-0.77977085,0.4331487,0.41896418,1.5105903,0.37553984
0.115937196,1.0364382,1.2790071,-0.014918461,0.1014716,0.5962503
0.11209666,1.0679485,-0.44665977,0.84676766,0.58832896,0.2750991
2.2957053,-0.00020734966,0.73335826,0.3136983,0.23429404,0.63751775
-0.29936266,0.73061424,0.24462281,0.60636616,0.85226154,0.087369636
-0.03463074,1.1034961,1.0803753,0.38793555,0.35319,-0.32362488
0.5680362,0.11415462,-0.32279363,0.5698133,1.6692021,1.0663552
0.4944241,0.7568507,1.403721,-0.10088203,1.4994606,-0.1261355
0.026892848,-0.20142536,0.28570417,0.19263387,0.031023897,0.3198759
0.036907993,0.4425736,-0.49577662,0.47542003,0.73841965,1.1001903
0.25316608,1.4885408,1.3284742,1.5621932,0.18160199,-0.8536848
0.27291197,0.8656572,0.7484839,-0.210114,0.0266492,-0.108195
0.63702416,-0.0612794,-0.054360956,0.42297572,-0.32066685,1.1002412
0.483489,0.306611,0.903314,-0.61925745,1.2149153,0.07113073
0.6073102,0.17731999,-0.0999195,0.07473873,1.004301,0.93073803
0.613282,0.9255921,0.7172594,-0.07381051,0.022134215,-0.37563783
0.51227313,0.031167343,1.1843765,0.31938297,0.1448392,-0.21514142
1.1055713,1.2171416,0.97873795,-0.47574243,-0.03327106,1.5982839
0.21652997,-0.28965187,0.47468725,0.2822905,-0.2472807,0.18991032
0.6799582,-0.15156116,0.61343336,0.05203374,-0.13776566,0.57564086
0.593178,0.5249863,0.73147583,-0.07881539,1.6771439,1.5633806
0.33242625,0.44551623,0.001325652,-0.035062768,0.50824046,0.9110073
0.1352154,0.68561864,0.3147533,-0.10061892,0.28026512,0.10273218
1.2913785,1.5670751,0.4264867,-0.18487647,0.28713858,0.005069174
0.65837556,2.2868147,0.48705226,1.1390328,0.20898283,-0.1790061
0.68040544,-0.4322235,0.34110335,0.20840606,0.54115087,-0.18092594
0.31601065,0.19899775,0.12917143,0.68503946,-0.32426506,0.57829386
-0.5062081,0.46913242,1.5173067,0.4060243,0.7950484,0.7184452
0.5109161,-0.6085051,0.6132132,0.12976715,0.5944919,1.0827348
0.3118422,-0.05353643,0.92509615,-0.32482183,0.25661534,0.48324737
-0.15369791,0.84005165,-0.20400628,0.08967001,1.2573298,0.5788212
-0.04024092,-0.12604035,0.34864607,-0.036758535,0.5903223,0.48709613
1.6251997,1.8149344,0.23115106,-0.23224348,1.8069315,0.2763833
0.60806406,1.5013287,2.3697724,0.6896494,-0.46698028,-0.70437145
0.9498848,-0.3483323,0.42506924,0.21408227,-0.15100543,0.1837072
1.4888744,0.99922657,1.0357071,-0.5011991,0.37050647,-0.043272734
1.2899077,0.22607063,0.034705218,-0.14146188,0.56788856,0.14070061
-0.6177929,-0.22443078,1.2489926,0.34176233,0.18100157,0.8057821
0.088855766,0.38137823,0.19585252,0.33948478,-0.29202622,0.03407001
1.0681585,0.36927134,-0.30619487,1.3634264,0.27293825,0.5041125
0.16157433,-0.052092567,0.7420957,0.5577806,-0.49948382,0.20683742
-0.4567678,1.4500685,0.48281673,1.4980693,0.22788994,0.44388795
1.3110017,-0.60760343,0.19923377,1.6055099,0.87549686,0.4218383
0.34310383,-0.07543947,-0.031388506,0.755568,0.53522027,0.7621256
-0.014924504,0.38557285,0.5273652,-0.12423947,-0.1529404,0.31240013
0.66362065,1.283945,0.9860343,-0.63066864,0.9290395,0.46193343
-0.32281506,1.8197038,-0.4616674,1.5657674,0.97260857,0.8557482
0.044266365,0.37104046,0.6792393,0.1908895,0.06238496,0.86860013
-0.45314604,0.2135078,0.17850511,0.29343015,0.6798999,0.5583701
0.9419699,1.3831593,-0.57935965,1.1701114,0.058322527,0.7348006
0.56538254,-0.105572596,-0.1904203,0.30401754,0.46329993,0.19474201
0.2378827,-0.2543561,0.17585213,0.20288911,0.09219809,0.17328876
0.9843245,1.126634,-0.024013594,0.117420025,0.35197127,-0.089516275
-0.91241395,0.5449914,0.55595684,0.5313081,0.6783272,0.37770358
1.4240953,-0.038206533,0.30325285,-0.35651588,0.88874,0.12444757
1.3034854,0.6008408,1.540748,-0.5549257,0.9551475,-0.1352436
0.13558081,-0.052081376,0.07441817,0.029434703,0.052134268,0.3336924
-0.19108549,0.024152234,0.5763407,0.10081224,0.5431504,-0.044277936
-0.09583173,-0.26394665,0.10365285,0.24184129,0.8860794,0.35843888
0.7805764,2.0712447,-0.088771924,0.9493795,0.35622013,-0.14260343
0.8845684,0.556257,1.6171473,0.8458817,-0.0075628906,-0.45275226
-0.43267453,0.7505299,0.60381365,0.5581597,1.9058218,0.06486524
-0.11017767,-0.052398607,1.888383,1.6902739,-0.086098224,0.077897415
1.0739325,-0.25942838,1.1718676,-0.39768273,0.52071154,0.23399973
0.012407832,0.41293967,0.14422971,-0.12356127,0.17980218,0.33212036
-0.45297515,0.9505079,0.36087358,0.61904204,0.69619524,0.08923066
1.0837305,1.906449,0.05135396,0.6215179,-0.4647025,0.96880466
0.44920725,0.28820854,0.42405087,0.5035231,0.7592671,-0.41342026
2.2334242,0.7512423,1.2185937,1.5681632,-0.36764354,-0.54097414
0.9469883,0.46882194,-0.22412172,1.0828013,-0.03253162,1.1432157
1.1650769,-0.63740677,0.047368325,0.2197245,0.5196212,0.25885233
0.45048478,0.74469835,-0.45584926,0.31799188,0.10966572,1.2956238
-0.29017615,0.3931172,0.089296564,0.3811161,0.6623369,1.4472553
-0.14996976,0.67769456,0.20697975,-0.012430899,1.3080059,0.43937746
0.25985235,-0.40563738,0.7722417,0.5249643,-0.33848536,-0.014118947
0.3018979,1.4678476,0.5708107,0.5027549,0.3373295,0.67837614
0.20468831,-0.04618451,0.37675357,0.18727884,-0.14135614,0.762635
1.0343419,-0.87123203,0.26684022,0.5362518,0.49626577,0.49937397
1.5701772,-0.2916085,-0.5660778,0.7934774,0.66668856,1.45638
-0.5679796,0.9060475,0.31777376,0.45218572,0.2671442,0.5816368
-0.1394895,0.4871261,0.07111335,0.17555046,0.7350926,0.5200402
1.4458636,2.1800683,1.3028193,1.4094031,-0.10838251,0.18872978
0.73926306,1.4863012,-0.013086766,0.3905578,0.81649303,0.23176408
-0.38738278,0.5063542,-0.050999254,0.25035757,0.3418123,0.66290593
0.0038754418,0.294577,0.32196546,0.15739086,-0.31665444,0.46396658
0.09828504,0.61708045,0.18767084,-0.28888574,0.6967438,0.7663142
1.581506,-0.30272293,1.2841195,-0.23299035,0.39867306,0.70543575
0.49769622,-0.21734141,1.2166725,0.5192663,-0.32558435,-0.21944293
-0.12556809,-0.45410293,0.9403893,0.8105933,0.3339212,0.23257652
0.80294234,0.77155924,0.100872554,1.3171961,-0.47910428,0.46737307
0.64527375,0.12660034,0.39102677,0.16987476,0.49637985,-0.31123853
-0.015103556,0.28097558,0.24535313,1.1643225,0.3807029,0.095633864
0.529883,0.6323017,1.1292242,0.5593006,0.76115876,-0.6033372
0.7430097,0.6680069,-0.030670702,0.28643438,-0.14051615,0.89010507
0.52770746,1.2658429,0.6849848,0.3494429,-0.27699333,-0.41612425
0.07336474,0.87617296,0.7995385,0.67049205,1.3382653,-0.50166047
0.38443494,0.08501889,1.8683084,0.44897634,0.12628181,0.49619743
0.9147125,-0.063332036,0.12341199,0.1503351,0.2548563,-0.09592164
-0.58943284,0.55419254,1.7740802,-0.06926457,0.7696689,-0.022649407
0.7488168,0.14542575,0.8624517,0.39724818,-0.62164366,0.085155606
1.7511368,-0.38400662,0.42695943,0.9733495,-0.69422257,0.92753774
1.3319402,1.0285558,0.2989509,0.1319147,-0.4194674,0.3542909
0.5644255,-0.6294383,1.0557436,1.1378851,1.8142523,0.32913134
0.70189595,0.5863559,-0.20208982,0.15958361,0.73069066,-0.030396387
0.47461793,1.1098293,-0.13555524,1.2884694,-0.05850935,0.92734736
0.24289653,0.070218965,-0.015444875,-0.075731955,0.3774212,0.16926795
-0.022154607,1.4432076,0.034429267,0.8754351,0.83590513,-0.010577001
1.9823644,1.3454618,-0.32982868,1.3590701,1.1777453,-0.22784406
1.2848015,0.14016499,-0.15959847,0.44678563,0.9589211,-0.16122201
-0.49386102,0.61370504,0.37520495,0.5025205,0.8202106,0.15858087
0.70325595,0.5876963,-0.45488736,0.6576148,0.4480583,0.17069313
1.2442943,0.4647656,-0.09187418,1.634241,0.5391237,0.1858758
0.5942363,0.4181372,-0.723207,0.4982498,0.9193303,0.70006806
0.86504436,0.23067969,0.3845726,0.040350042,1.0221157,-0.24941972
0.5010848,1.3244079,0.7699424,0.78991807,0.8060511,0.5438989
-0.07822151,-0.006878674,0.20384401,0.5087205,-0.083567396,0.42492998
1.2573928,1.265677,0.54076445,0.3269846,0.15628202,-0.25145796
-0.5914487,0.5468355,0.28379196,0.55205894,1.279333,0.78320485
0.4545055,-0.14774068,0.4699885,-0.4840698,0.73886776,0.34444067
1.1367354,1.485965,0.6957264,-0.6804899,1.3890436,0.1316971
-0.4818945,0.48045444,0.20166016,0.22601205,1.2496746,0.5986235
-0.05420602,0.52170074,0.7043896,-0.6139709,1.121388,0.6534752
1.1308951,0.18664952,0.9955472,-0.28485736,0.560846,-0.36917108
0.599336,-0.38136405,0.7016721,1.7797711,1.1155525,0.20037878
0.16061115,1.0335398,-0.2658449,0.553249,0.004596859,0.46227416
0.989008,-0.12419577,1.8773354,-0.77293044,0.9012263,0.63308924
0.41455513,0.2106326,0.59781647,1.2735031,0.3441279,-0.080952324
0.95395166,1.4837294,-0.3126262,2.4744165,2.1291258,0.070239015
0.75429654,0.8064303,0.6134274,-0.066089995,0.036351524,-0.32809913
0.36454922,1.4026234,1.012447,0.66568947,0.3512196,-0.6200212
1.126346,-0.30251163,1.1985208,0.5821312,-0.86648047,0.25946403
1.0236592,0.2716334,-0.36763552,0.80933267,0.7098018,-0.05737246
-0.6125477,1.1321557,0.7009264,0.22091615,1.0050001,-0.0047802106
0.65969163,-0.4209478,1.703488,0.91471666,-0.70905185,0.70690596
0.60261685,0.41471195,0.34625676,-0.38368696,0.6883325,-0.08655112
0.6044,1.2413459,1.5400628,-0.09837257,0.24472186,-0.09725679
0.70136255,0.43684018,1.0736524,-0.25409067,-0.13637385,0.12688012
1.5050002,-0.028588995,-0.44080594,0.62020445,1.6013975,0.9917646
0.26463154,0.10300307,-0.2240896,0.089810744,0.34307933,0.3736517
0.39682528,0.07853784,0.8237473,0.11221432,0.9205834,-0.50599265
0.33858904,0.1502633,-0.2297416,-0.005611658,0.83240867,0.24914008
0.07706206,0.38738304,0.56070495,0.39829198,-0.015719041,0.77923775
0.9737272,0.04777156,0.30420354,-0.22839832,0.41619718,0.12045434
0.4350199,0.059434965,0.209488,0.9018991,-0.03865178,1.4601104
0.050087146,-0.38772207,0.6534569,-0.14652076,1.2092435,0.6194316
0.622317,-0.35897994,0.35032433,1.3735125,2.40054,0.37421298
0.83556324,-0.50532377,-0.13456908,0.750175,1.3479497,0.099424586
0.40905997,0.14924453,-0.41466168,0.3239257,0.76296717,0.30213076
0.4562316,0.013510898,0.5664263,-0.51504993,0.9030809,0.06859602
0.5381956,-0.7801107,0.16122991,0.31253874,1.2700429,0.80258954
-0.7017638,0.67423123,1.050285,0.2109181,0.59502107,0.074183576
1.2424128,0.6359438,-0.48023483,1.485863,0.7203955,0.4062688
-0.4064085,1.8307234,0.40911677,0.7372333,0.44260687,1.291555
0.39284605,0.0847217,0.08792132,0.3533019,-0.35983717,0.71972674
0.44639862,1.3717325,0.58347,0.9984318,-0.55679315,1.0172904
0.12362405,0.5513093,1.3151741,0.50655836,1.2185415,0.40557683
0.82382464,1.1787612,-0.1656242,0.6176666,0.055104703,0.13004977
0.31064898,0.661584,1.3888963,2.480777,-0.32829583,0.76305854
0.48081684,-0.030117258,0.33702287,0.062316038,0.029630043,-0.026831083
0.29511896,-0.36188143,0.08227903,0.56829196,0.6126051,0.11704237
0.24331152,0.39344674,0.088474825,0.21454415,0.016607389,0.0062328503
0.84769315,-0.06392841,-0.35452852,0.4753512,0.22171402,0.88381064
0.2276659,0.1514409,0.5918791,-0.112717696,1.7833967,0.06927723
0.1256808,1.1099641,-0.59988165,0.76961243,0.98606765,0.522061
0.9555951,1.298623,0.32234696,0.96601677,0.103127174,-0.21656865
0.18172815,0.61969537,-0.1751023,0.2815945,1.8194455,0.9766356
0.6090772,0.51229286,0.8328701,-0.13493732,-0.02164565,-0.30068976
2.992937,-0.08235644,0.3449572,0.41611198,0.72332436,1.280701
0.116923444,0.07589479,0.6739944,0.46978173,0.19662288,-0.32181194
0.5179047,1.3066688,0.2247023,0.15543322,1.3162998,-0.41494685
1.2910131,0.77047104,0.60683584,0.95116985,-0.86204475,1.2203257
0.2054165,0.18129136,2.1849775,1.4504144,-0.21989892,-0.50261754
1.0109211,0.4318233,0.49499238,-0.3460075,0.76297307,-0.35133648
0.114634566,1.2984539,0.33634913,1.2603569,-0.18367974,0.012610905
-0.26580614,0.06651454,1.247466,-0.22471932,0.24336599,0.07215776
-0.058216207,-0.12793823,1.4166697,0.33778664,-0.47396922,0.058019746
0.9827425,1.4200814,-0.66707516,1.1550117,0.29112622,1.0111974
0.5854801,0.4101423,0.09265442,0.19731387,-0.31916052,0.7090506
0.3774819,1.3899121,-0.22151473,0.9025049,0.24477783,1.4396696
-0.2988422,0.21042413,0.1618951,0.38786063,0.38263094,0.28675565
0.08503594,0.7782097,0.25521025,0.44994545,0.91275656,-0.32457688
0.0016746745,0.2618521,0.25348607,0.3294479,0.06199458,-0.026530132
1.2314786,1.8017197,1.8714193,1.294079,-0.8950439,0.083428495
-0.74800664,1.050239,0.89085317,0.04112014,0.8953934,0.2758934
-0.07123292,0.0837612,0.3306675,0.24396604,-0.26114947,0.18912034
0.97196287,-0.48730457,0.011355735,0.73884726,0.36950153,0.3368966
0.025127552,0.17710659,-0.07405226,0.5024629,0.6900635,0.9691239
-0.20098388,0.106861055,-0.016181134,0.18487534,0.4803422,0.4219352
0.4283422,0.37263054,0.60407794,-0.06181731,0.14218199,-0.30577126
0.17962581,0.21735649,0.13510847,-0.29128808,0.87712216,0.32719404
-0.0511365,-0.30821162,0.2679732,-0.010264926,0.5860233,0.35365522
1.2472768,-0.21998917,-0.12039368,0.48677737,0.41612363,0.48231447
-0.22402474,0.97463197,1.2800201,1.842104,0.39016753,0.1257624
0.25269768,0.13537322,-0.16237912,1.1031319,0.68347293,0.608451
0.38258857,0.6383428,0.5449982,-0.18623152,-0.21186589,0.3941723
1.9051406,-0.4140839,0.44429514,0.4084273,-0.05039996,-0.0650169
0.995535,0.7895559,-0.22523448,1.4150469,0.59120935,-0.23357677
1.4272057,0.9651313,1.4220046,-0.82282925,0.81986976,0.43474007
-0.2439296,0.47708184,0.90555525,1.0959898,1.3852447,0.1084957
0.08440002,-0.041879714,0.06570295,0.5505049,-0.01528091,0.2350331
-0.17965922,0.6332648,0.19969049,0.466506,1.034568,-0.09774538
0.45606673,2.170102,-0.2044555,0.7544899,0.18357193,0.17208397
-0.8661008,1.0733563,0.9562571,1.2275835,0.40409678,0.54559475
0.49783945,-0.6278427,0.8143003,0.36714783,0.526274,0.009035081
1.419288,0.009217754,0.016764,0.52260274,0.03541205,0.0016482398
1.0919018,-0.013262972,0.8387917,-0.16387919,0.42279923,-0.07978662
0.29248375,0.039843515,0.71000254,0.5360949,-0.71773946,0.23792866
-0.6063127,0.5197483,1.2361643,0.75811386,0.87448275,-0.26690704
0.5180855,-0.22925316,0.1937443,0.6498199,0.796463,0.9374883
0.07338797,0.8858183,0.34152085,0.6570128,2.4648755,0.7031344
0.7479902,1.6638224,-0.3003961,0.60023403,1.1602155,-0.054451294
-0.06147749,-0.13117336,0.9094075,0.7479506,-0.12667039,-0.17037576
-0.2182518,0.41586626,0.63474655,0.43381763,0.60570925,-0.2012622
0.3128672,0.95041627,0.30385122,0.22438064,0.23285274,-0.18446788
1.2809126,-0.5438041,1.1313728,0.366432,0.26087743,-0.103241496
0.9241329,1.0886309,0.19388202,0.29444978,0.092521,1.0362206
0.46943682,-0.316993,0.765061,-0.23092934,0.4723472,0.35833457
0.74976474,0.8779083,-0.90292454,1.1712914,1.5615114,0.31107688
1.1160638,1.8058572,0.8651608,2.9756413,0.023438685,1.1124399
1.9712087,1.1476501,0.626264,0.39706936,0.03979184,0.6704447
0.78930384,-0.7732006,1.6390665,0.13656789,1.3163111,1.0505679
0.18825442,0.45651007,-0.22777987,0.2576993,0.010896407,0.4412019
0.34816378,-0.37804776,1.0657531,-0.13052264,0.81146544,0.10055024
1.2077173,0.8834773,0.3049891,1.1212771,-0.8277451,0.9671159
0.89555454,0.8479573,1.0775282,-0.0049913153,-0.29196638,-0.09409691
0.2987371,0.6707387,0.80207336,0.34646204,0.17231262,-0.4395096
0.22564948,-0.20105956,0.73889256,0.80297786,1.5955617,1.8443887
0.110936336,1.087929,0.5171655,1.3803347,-0.37167168,0.31748143
0.25082523,0.7382518,0.26303437,-0.11108016,0.025394998,0.2227813
1.2706239,0.8004533,0.26504546,0.033154435,0.041173242,-0.15481868
2.1296272,0.9574412,1.3707918,1.4994024,-0.57518107,-0.67143816
1.3896079,0.3664595,0.85312545,0.020900123,0.15867814,-0.35136914
1.1779318,-0.1545987,0.91659963,0.34756097,-0.56919646,0.057016384
0.5445338,1.636358,-0.13162825,0.055198655,1.5160896,0.11361082
0.32034832,0.45305598,0.83630145,0.47739127,-0.49800307,-0.13024563
0.55784076,1.1568662,0.214844,-0.0012963116,1.4309045,-0.4064803
0.16573992,0.4014426,0.83407676,0.17426689,0.46279156,-0.4781256
1.0921166,0.7829312,0.15302683,-0.056157283,0.3946846,0.42605445
0.2968626,-0.42145598,0.5522543,0.8220266,0.29396442,0.512875
0.87907666,-0.49250162,0.055836983,0.95407426,0.4111737,0.15896821
0.14324501,-0.28030944,1.7290099,1.3598783,-0.4238218,0.039316416
1.550322,0.98065233,0.581753,0.7678306,-0.4211017,0.19078954
0.07924517,-0.41504735,0.45736015,-0.101014145,0.5179711,0.21745485
0.9026021,0.9688374,0.10834789,-0.51544076,0.82220954,1.0324138
0.43017754,-0.28629106,0.1504527,1.0202984,1.0844647,1.0251211
0.19347546,1.4053377,1.7560526,0.8769433,-0.555232,0.3404
0.5852813,0.89307225,-0.1582439,0.16039449,0.35066175,-0.010708004
0.37437642,-0.19704942,1.1051518,0.3849477,-0.26230907,0.09684801
1.4833292,-0.38395464,1.8591481,0.044715032,-0.072930664,0.028827265
0.54669803,0.4043305,0.010242626,0.58193207,-0.2504167,0.16381645
0.21982616,0.675368,0.20648585,-0.36006698,1.1470109,0.18787426
0.3891402,-0.70982224,0.8470999,0.35165504,0.059850495,0.58416176
-0.6829036,0.20703237,0.5960616,1.0306637,0.8118512,0.90049237
0.73971397,-0.33284253,0.22601385,0.25066927,0.03872915,0.11246938
0.48024386,1.2719792,-0.4867048,1.1185852,0.58917284,0.14183122
0.09435866,0.09898487,0.37723425,0.009367943,-0.07045637,0.081012696
0.14740506,0.37779033,0.26708812,1.2547336,0.22723167,1.6441822
0.6228805,0.67252094,-0.15890273,0.21884416,0.17191876,0.075543575
0.5345696,-0.06328325,0.9442003,0.23506024,0.6195105,-0.54690653
-0.630239,1.9898782,0.6294898,0.47655815,0.81772757,0.7254666
0.28331655,-0.07617642,-0.46814772,0.5115596,1.4274125,0.90942514
0.19348964,-0.042846292,-0.26334503,0.24876049,0.61094725,0.74464625
0.39926475,1.7479922,-0.46352014,1.5150146,0.4938557,0.72133136
0.11865478,0.17028768,-0.44041964,0.4154342,0.7697607,0.7318314
0.6930007,0.054871425,0.810192,-0.17071983,0.012903802,0.15698381
0.26172662,0.8496463,1.3458511,0.26758564,-0.46840596,0.7537255
1.6122658,0.7355891,0.78305495,-0.4439688,0.36342347,0.27916306
0.46645167,2.3196304,1.409474,-0.38763174,0.806798,0.56718874
0.5843232,-0.6496058,0.29570907,0.5043613,0.22245926,0.14511645
0.79890704,0.23736216,-0.27701816,0.3180411,1.8520164,0.35979456
0.7712382,-0.6107021,1.0348728,1.1792458,-0.4485526,0.7087758
0.6506024,-0.47573435,0.8936744,0.27101973,-0.24857484,0.25459698
0.8572107,0.55148524,-0.9253882,0.8595248,1.1914686,0.76296973
0.1117238,0.21878056,0.14403136,0.032225482,-0.028569117,0.17921868
0.12806565,1.2843747,0.47080606,-0.28891924,1.1328955,0.18621889
0.06309845,0.20011945,-0.11023465,0.08875134,0.23911108,0.33575553
0.24493298,0.40098387,0.9784113,1.2519292,-0.5412217,-0.17693415
1.5271837,-0.49306834,0.6478931,0.8845664,-0.50405633,0.17304179
-0.19169861,0.5313748,0.020895883,0.37071338,0.55297476,0.05781913
0.68042845,1.096494,-0.24878114,1.810734,0.21821564,0.21243235
0.9872792,0.33558637,2.0659184,-0.30153635,0.3167591,-0.119640134
-0.16746986,0.6450688,-0.23191303,0.035797037,0.86207354,0.46921998
-0.22643003,1.0725605,0.73483396,0.32941887,0.7261065,-0.19093487
0.43383756,0.09998362,0.15762566,0.39179268,0.8418175,-0.110215835
-0.270472,1.4958662,0.9625093,0.2514856,0.30654567,1.3795149
-0.76306564,-0.20165546,1.5101186,0.6976811,0.57148266,0.34287962
0.22140825,-0.017605618,0.35166988,-0.0074733123,0.38929623,-0.08015726
0.7291513,0.82714736,1.823572,-0.352356,0.80778176,-0.3786747
0.09728422,-0.3013193,1.0523264,0.9887322,-0.68280727,0.454412
0.9910243,0.43247694,1.74649,-0.8774654,0.9485283,1.1183201
0.31927994,0.51517737,-0.27995393,0.2923196,-0.061485395,0.59523547
0.16088551,-0.14005838,0.17035681,0.025638409,1.1405143,0.33981788
0.32751042,0.114063516,0.19909959,0.5772763,-0.3000298,0.45067623
-0.19955415,-0.30366737,0.5202718,0.48213628,-0.0052048415,0.40649512
-0.57453257,0.43490517,0.14499111,1.0768473,1.0256712,1.0699506
-0.21185696,0.40177947,0.42158654,0.22536519,0.30486178,1.1976954
0.78620726,0.20366059,-0.4163815,0.3123084,0.23628545,0.6952153
0.22137982,1.8249987,0.39441153,0.7526729,-0.10613337,1.4415227
0.7978049,-0.28996956,0.9161812,-0.3236806,1.2378725,-0.27706337
0.55664206,0.16940151,0.57326454,-0.10798349,1.0447205,-0.2824875
0.74360144,1.1209587,-0.16940823,1.3207664,-0.17445816,1.0009111
0.98108375,-1.3142715,0.8688773,1.0040612,0.2695495,0.7378424
-0.95947045,0.54271257,2.3363082,1.162079,0.6447654,0.17898098
-0.066561945,0.4080282,0.36881086,0.11721166,-0.12560706,0.020868156
0.42023593,0.20322709,0.885216,0.37449008,-0.6124418,0.023882166
0.23166192,-0.43229884,0.561795,0.24109188,-0.06170091,0.61266834
1.8280547,1.3119986,-0.10356508,0.6807783,0.33953047,0.025113732
1.043269,0.66596514,0.7897217,0.18969849,-0.5642123,0.15685827
0.19208068,0.25148773,-0.3518174,1.0572087,1.9433547,0.7051233
1.2751737,-0.31418478,0.36634168,1.572484,0.15009885,0.1199635
-0.35733032,0.29205495,0.5758114,0.39669353,0.14449593,-0.06646664
0.9828706,0.83424103,0.042778168,0.22497639,0.1572601,0.7898669
-0.21990007,-0.08256979,0.9362409,0.65196806,0.069065705,-0.13543972
-0.59423715,0.8602572,0.6134746,0.3503973,0.4095794,0.02133438
-0.2615923,0.027227178,0.66108286,0.74599296,0.5285271,0.20572755
-0.27278835,0.4120623,0.30785972,0.46556774,0.07228082,0.12243888
0.35903615,-0.51679116,0.60924387,-0.022091612,0.42384356,0.3881954
1.2006965,1.4872938,0.12354025,0.8713363,-0.015690364,0.22076684
0.7719576,1.0630132,0.2017832,0.29245934,1.5421484,1.1315947
1.1610184,-0.08206831,0.41252512,0.32945395,0.019642144,-0.07978339
0.3387833,0.2369641,0.14626303,0.06918884,-0.027230129,0.08448212
-0.07878525,1.1537913,1.1132389,-0.099002294,0.5399919,0.24285078
0.7601662,1.0690644,-0.3293319,0.30941707,0.44092488,0.06120415
0.30441946,0.32589123,0.65081763,0.2998247,0.033345245,1.381929
-0.3079086,0.004150361,0.16033757,0.26600268,0.72399443,0.37745845
0.4292759,-0.10882279,0.8948437,0.24296191,-0.48950905,0.2830067
0.21488869,0.20207517,0.41580233,-0.39575037,1.413889,0.4764974
-0.47271037,0.051542625,1.607073,0.55631524,-0.115037784,0.064386606
0.73906225,0.14140101,-0.135093,-0.2671868,1.2279088,0.74836886
0.12857494,0.07844855,0.50579464,-0.08566918,0.45728248,-0.08496342
-0.15778553,0.5406567,0.43254396,0.5083608,-0.41906053,0.45275617
0.50712717,0.1132112,-0.3123757,0.2238526,0.6384954,0.2677304
0.15986565,0.51789933,-0.21527866,0.15454921,0.014282428,0.45240805
0.782604,0.113192156,0.33448273,2.0612679,0.65423065,0.50425106
1.1996238,1.1611131,-0.07138145,0.35986763,0.6870066,-0.1282787
0.026726447,0.036250636,-0.031227574,0.39745727,0.0399548,0.61647195
0.60536414,1.5858816,-0.3050549,1.215742,0.32386267,0.0012036562
0.1404503,0.50771236,1.0504265,0.8692314,0.107096195,2.0697436
0.4677537,0.7690053,0.56693363,0.21500012,0.6258238,-0.36897597
1.2958986,-0.23191454,0.7982029,-0.18152645,0.26066115,0.53357065
0.1097193,-0.63192046,1.9263082,1.0451596,0.019690096,-0.2693855
0.33985215,0.14399903,0.27418974,0.17812261,-0.067080006,0.024794374
0.14971244,0.08798511,1.7817165,0.15986612,0.6981493,0.9046073
1.4866276,0.23489504,0.22228023,0.21300995,-0.001360096,0.2535385
-0.23087487,-0.2951228,0.57790464,0.37669206,0.46798736,0.5054127
-0.41651797,1.4987013,0.79474354,0.20490426,0.57101005,0.1241751
-0.07884429,1.2695665,-0.18971118,0.8147689,0.26603293,0.5982886
0.8475569,0.13041611,0.73244417,0.19486779,-0.4352755,0.7009325
1.3856344,0.8230115,-0.08978094,0.31990996,0.5153192,-0.11730442
-0.44061658,0.6984868,0.66658247,-0.073722966,0.46820134,0.07782882
-0.84322125,0.72099733,0.40931126,0.41981283,0.77206415,1.2258704
0.20583972,0.6700467,0.57999444,0.3505779,-0.1356108,-0.35867625
0.09323298,1.5444561,1.8417222,1.6720927,-0.5600806,-0.1897485
0.904082,-0.24242572,1.1105297,0.31800088,-0.45328122,0.46467155
0.48235518,0.5808474,0.1919635,0.20386392,-0.025105655,1.0141989
0.09878314,-0.12283008,0.79695714,0.7558958,0.07349654,0.12768614
-0.030676134,0.033552274,0.4723064,0.7702012,1.4946171,1.2687643
0.9270005,0.0017745346,0.057107948,0.20693605,0.09305598,0.015049137
0.7526522,1.3454822,0.983253,-0.26002446,-0.33039355,0.28763494
0.35127088,0.03151734,1.7324649,-0.14930528,1.3519976,-0.23203161
0.94190794,1.3299392,-0.075885415,0.43809032,0.10560018,0.091693945
-0.08020089,0.7667495,0.6689713,-0.17991924,0.41884983,-0.05044376
0.38897935,1.3358551,0.13498557,-0.14300695,1.0235661,0.1958221
1.4553719,0.7162014,-0.3004424,0.50225043,0.4830072,0.497791
-0.45287424,0.5207888,1.1486737,0.048493437,0.65407676,0.013026595
-0.16319636,1.3676139,-0.044992626,0.89855564,0.63198864,0.6034074
-0.27727354,0.34152114,1.2594267,0.20592251,0.59769624,-0.023606323
1.6995678,0.72033143,1.3331343,-0.750458,0.7018021,0.09083699
-1.2805433,1.6529047,0.9536191,0.79731756,0.82722354,0.81929994
0.7837018,-0.85977536,0.52699554,-0.009251423,0.5240203,0.4563201
0.55545217,-0.069168955,1.7206618,-0.20266023,-0.13854536,0.5158184
0.82832164,0.877872,1.0276779,1.314605,1.1057965,0.53889596
2.0016122,0.8839832,0.8604193,0.19517314,-0.030753002,0.117363304
2.0962248,0.23893626,-0.10171783,0.5666233,0.3521889,0.41191688
-0.02034206,0.045469046,0.47574887,-0.09403271,0.1518538,0.38567147
1.2927386,0.44991446,1.0365859,-0.25008553,-0.38013417,0.8972129
-0.11690388,0.8678844,0.49015573,0.40640837,0.3268183,1.6722798
0.48542196,1.063958,0.26207206,-0.12193317,-0.10712746,1.3773397
1.3893992,0.71074635,0.6847273,0.43478048,-0.03802964,-0.51608425
1.12168,1.0136403,0.4211414,0.5117579,-0.55475056,0.38142517
0.3765476,0.08717258,0.57817924,0.061604552,-0.24196567,0.03614677
0.5577961,-0.0028712302,1.5485164,0.15563013,0.50848836,-0.0869556
1.1062149,0.19698738,-0.1243082,0.5988214,0.5298618,-0.1660299
1.0899893,-0.9335052,0.8998145,1.3020226,1.3257098,0.13571714
0.012098156,1.4442517,0.4280657,1.2600454,-0.18259962,1.057888
0.7458401,-0.1695442,0.7721108,1.2221715,-0.26321107,0.45687345
0.9226988,-0.008857235,-0.4976118,1.1210886,1.4721335,0.43802667
0.32934505,-0.17883562,0.37809175,0.39274383,-0.22816478,0.52603567
0.47920606,1.350325,1.057863,-0.25425735,-0.18652849,0.3711735
-0.8900796,0.2931972,0.5130819,1.0461543,1.5441369,0.70336026
0.35954514,-0.78096,0.72773457,0.6328529,1.3788794,0.75321096
-0.08540232,1.2642019,0.42100558,0.2925254,0.5377061,-0.20565316
-0.2762081,-0.3442377,0.73503554,0.3209186,0.24807838,0.16919571
1.0975026,0.42176694,0.2748374,0.089006014,-0.31996626,0.24514773
1.3289768,1.311786,0.1834364,0.17539403,1.1585609,-0.2848321
0.3004597,1.1936456,1.8945733,-0.10323634,-0.105792075,-0.24359512
0.38249165,0.5529122,0.9992238,-0.040003814,0.24598213,-0.2638196
0.031777672,0.14764957,0.7404306,0.3417286,-0.29782093,0.8614305
0.37575397,0.5026485,-0.09422827,0.6568657,1.451395,0.66176736
-0.58608615,0.63815653,1.1206185,0.4276404,1.4861984,0.42014664
-0.046830095,0.80791026,0.91347253,-0.17474657,1.3432946,1.4666462
-0.23245251,1.6415262,0.41165614,0.7964872,0.039073285,0.17329583
0.9872621,1.056067,1.3776871,-0.16884184,-0.41770834,0.5844618
-0.0395473,1.8428056,1.6375846,0.5685399,0.7657996,1.9944848
-0.33890373,0.32310373,0.7595173,0.010214157,0.95116657,0.11044134
-0.437981,0.6502209,0.41964883,-0.088195466,1.2265674,0.40112498
0.34164685,0.7968589,0.13818885,0.11317426,0.124525785,-0.13699654
0.5396934,0.3899294,0.018469818,-0.18744656,0.79616654,0.049173415
0.5383868,1.2835104,0.6803335,0.4968153,-0.2897635,0.45339793
1.2635832,-0.6347277,0.4086118,0.46734825,0.2390303,0.012424663
1.0432096,0.3344134,0.056797937,1.0103028,-0.26274645,0.2845253
-0.05524484,1.6759106,0.032051638,0.4220255,0.9230619,0.117633544
0.5318368,0.70559937,0.3198647,-0.30142084,0.3762536,0.09553232
1.114597,1.348793,0.95050466,-0.6045581,1.1312956,-0.16183212
-0.58293104,0.4420727,0.6308174,0.69799495,0.9000911,0.7896298
1.3495219,0.057886705,1.3007287,-0.40358403,0.50928634,-0.109104924
-0.14770046,0.76289517,0.060199253,0.13628931,0.45051813,0.12945132
0.98379344,-0.25883663,-0.13993683,0.076618195,0.4688406,0.31535134
-0.5045964,1.2761662,-0.2685261,0.8304689,0.598067,1.5105664
-0.36923176,0.7584866,0.017108679,0.65057105,0.29562098,0.43552837
-0.33251774,0.15153044,1.3536924,-0.0044623986,0.9143207,0.23095554
0.873774,0.44656378,0.030347347,-0.030112974,0.23173742,0.040512215
-0.076228775,-0.29222417,2.2410321,0.62493443,0.92025596,-0.27510375
-0.5027781,0.20056988,1.2705375,1.4082608,0.10744666,0.12628967
0.81669766,1.2550867,0.4343978,0.5481341,-0.30298895,-0.51077676
1.3276349,1.6204184,1.7836725,0.6029286,0.4414099,-1.0397869
1.1662582,-0.285262,0.9113542,0.36398914,-0.23914097,1.0458372
0.06353781,0.52955306,0.0764419,0.12970966,0.0840196,0.24474496
0.08599221,0.33957106,0.15415508,0.90741503,1.2269685,0.13607678
-0.6108575,0.04910861,1.1069647,0.053970166,1.1141466,0.61643696
-0.95737475,0.8156344,0.38485485,0.6696217,1.2060525,0.8390615
0.21149966,0.13025601,1.0004263,1.0640172,-0.48042387,1.0846483
0.7351581,-0.5888451,0.4319704,0.24752307,0.19649433,0.3025846
0.7197186,1.7535211,1.151296,0.6712146,-0.40652806,-0.57938695
-0.42807359,-0.0012341887,0.8321239,1.1886038,1.8402002,0.20127255
0.22013623,-0.024363443,0.24054462,1.0002506,2.3315625,0.43396276
0.5933762,0.12521593,0.2762478,0.60368377,0.2619604,-0.23770759
0.14574903,-0.060556144,0.41990587,0.46473405,1.7464224,0.5483226
1.407286,0.109560534,-0.086707965,0.014530137,0.8015176,0.3342273
0.2945317,-0.48596966,0.09908192,0.0576123,0.745484,0.2984421
0.31116846,-0.24599756,0.12036751,0.16129541,1.081288,0.08732314
0.7386977,-1.0393561,1.3499837,0.68505347,0.3708263,-0.2844261
1.1320698,-0.5331708,-0.079304576,0.6179749,0.4589886,0.40065432
0.21416736,-0.29914457,0.41789755,0.093858205,0.26788798,0.16205835
1.4460891,0.7189653,-0.21358827,0.9694915,1.398907,0.8594264
0.50490594,0.33304644,0.71066165,-0.0075297803,-0.19163035,-0.18704697
1.2132553,0.5998988,1.2894837,-0.4679422,1.5735573,0.07018237
0.08691787,-0.102928266,0.6444148,0.3023234,-0.26279616,0.022772308
0.2940641,0.18493873,0.0038389117,0.025850996,0.18165441,0.116605625
0.9343623,-0.836772,1.4374886,0.13052756,0.49194163,0.31513268
0.063863836,0.58856356,0.84538484,0.61700904,-0.19971783,1.7763126
0.9135697,-0.5276362,1.3621371,2.637896,0.7287843,2.2721753
0.4731756,-0.12498368,0.079451956,0.029215537,0.36220777,-0.010521486
-0.49014962,-0.07088709,1.331002,0.5503193,0.81744635,0.0011042804
0.38383183,0.3308894,-0.058668748,0.15202665,0.31262356,0.095184796
0.37845758,0.72530925,1.1426492,0.33506554,-0.008605413,-0.438867
0.081877224,2.1138914,0.13966647,0.54861385,1.243679,0.2628654
-0.069699414,-0.32864994,0.9203572,-0.13708264,0.6844893,0.27801895
-0.38668826,0.6174338,0.96588373,0.595445,0.5180172,-0.25005487
-0.4387254,-0.015032634,0.99685097,0.72963107,-0.2260815,-0.009262532
0.27765405,-0.63107806,1.3079599,0.5426577,0.32701954,0.70473266
-0.10132558,0.28502858,1.2012764,1.394973,0.59737396,0.50576556
-0.39617836,1.3370563,0.96018577,1.2981491,0.7242951,0.17836572
0.3819133,-0.34925687,0.41706058,0.5079828,0.08431478,1.0250753
-0.28097236,0.08753772,0.65234303,0.3999607,0.16311768,-0.04898932
1.1356864,0.73262477,0.24907184,-0.17379302,0.9726517,-0.031203456
1.3982314,0.64848626,0.006160915,1.1011999,0.37965643,-0.37433282
-0.066683955,-0.08841473,1.1895924,0.24863046,1.0800656,0.39802292
0.36675146,0.50500375,0.45197582,-0.3065425,0.29938102,-0.028430223
0.066683136,0.26771262,0.19236554,-0.11013908,0.20835292,0.22124782
0.41562295,0.9796115,0.17671259,-0.05951374,0.8171101,0.06548485
0.48007774,-0.69029945,0.32740334,1.1262547,0.65133536,0.7215022
1.0402648,1.0891439,0.09662834,0.5034396,-0.0814369,-0.06141656
0.15788406,-0.48017383,0.94938874,0.097900145,-0.028292775,0.32515162
-0.2543371,-0.68124557,1.159813,0.66336024,0.9041317,0.69733673
0.6863806,0.5084924,-0.49604842,0.6210114,0.814155,1.8926451
-0.12297904,-0.46220237,0.7385371,0.30889496,0.07925585,0.29108793
0.59640735,-0.49749118,0.12801443,1.1102285,0.61823475,0.2942433
-0.113741525,1.4475584,0.38228238,1.2052293,0.1649574,-0.19437033
0.9206478,0.32262337,0.44896933,-0.1550909,0.5024632,-0.19845173
0.68069667,1.3857727,-0.53359663,1.2014632,1.6194426,0.19849014
1.1591626,0.8638081,0.20781066,-0.045429997,0.47248244,-0.28902143
1.0496337,-0.20726602,1.2343532,0.47347632,-0.45829904,-0.15695384
0.7510099,-0.65800166,1.5762495,-0.2060948,0.6972712,-0.15449908
0.37409627,1.0438334,0.124904916,0.81637836,-0.19914843,-0.08538627
0.1534906,0.36283112,0.15903115,0.188229,0.44256908,1.057284
-0.7374447,1.1942824,0.90054,0.41528982,1.2877117,0.1976412
0.69391733,0.48230916,-0.079329714,0.14655194,0.75333697,0.9492935
0.29902408,0.41255492,-0.4100674,0.31771988,0.31399614,0.41183934
0.4711488,-0.16409947,0.1277726,1.2911572,0.10460393,0.58748376
0.8633177,0.8407428,0.56948423,-0.15947703,-0.061111644,0.04949621
0.12959102,0.22105543,0.33871806,-0.43243375,0.4488312,0.42069227
0.61856407,0.026362553,0.9668268,0.027496733,-0.26094288,0.009358712
0.4277453,-0.33756167,0.52061784,-0.18068579,0.20281199,0.365609
0.32778886,1.3733436,0.8520446,0.25462693,0.96561694,-0.13871774
0.8159981,0.39617336,0.15973732,0.0017340183,0.08961434,0.014288776
-0.06245009,0.27781808,0.31318724,0.0387372,-0.13762614,0.24271736
0.57579315,0.84179467,0.7258887,0.41902262,-0.5452784,-0.23925638
-0.38742355,0.23063411,0.45970747,-0.070841126,0.44476652,0.40249574
-0.2924497,-0.41671556,1.2070363,0.089356236,1.074283,0.45906255
-0.37161213,-0.16516194,0.38946417,0.501048,1.1488025,0.5170609
0.30691212,0.045170143,0.6604831,-0.353556,0.52342343,0.68414617
0.7026349,-0.605823,-0.13936958,0.61132497,0.6561943,0.51085514
0.04493665,-0.22024386,0.21474826,0.18456289,1.4951235,0.65136975
-0.14459825,1.7639662,-0.2558093,0.66979617,1.1012752,0.5450337
0.19489634,0.5811824,-0.24785858,0.0214267,0.6716969,0.5018653
0.25655138,0.21338092,0.6716976,1.335861,1.9668298,0.5095004
0.084302,0.5848875,-0.21774778,1.2769058,1.4488906,0.6171447
0.64617497,-0.88149047,0.3582466,1.2041686,0.3969401,0.39930663
0.35491145,0.02567628,-0.0976906,0.043013856,0.91559136,0.5858765
0.053093545,0.004153684,2.296911,1.199723,-0.39159775,-0.044683866
-0.46133733,1.0575079,0.21521656,0.14746785,1.1406683,0.46027032
0.5165682,-0.26610553,2.0598967,-0.6482247,1.3460525,0.27551472
0.6345468,0.24530213,0.8050376,0.0030485168,0.79685694,1.3031085
0.13074324,0.7881247,1.1277963,1.1868572,-0.7443753,0.5536564
0.16378036,0.5079632,-0.23238328,0.14142805,0.07975133,0.6824443
1.5830959,0.49055338,0.49521062,-0.09832781,0.37794495,-0.10095266
-0.45316118,-0.20280741,0.9585937,0.71712905,0.068298444,-0.0547039
-0.006607227,-0.17954792,0.5984185,0.016221844,0.51974076,0.18521771
0.46429116,0.3795876,0.020303309,0.21685855,0.005841844,0.019616049
0.65362257,-0.8117879,0.8385427,0.7356507,0.23871969,0.07294585
0.0046603754,-0.6817368,1.5563607,0.5382236,-0.30324858,0.024128683
0.5759158,-0.13331033,0.48430333,-0.31767836,0.47613668,0.14127329
0.18874857,-0.19889398,0.31724924,-0.07467989,0.14494419,0.33685014
1.5808959,0.011698261,1.9050968,-0.40785483,0.6060091,0.06507083
0.26086706,0.7036099,1.7108783,1.3159173,0.96201026,0.7887237
0.021260612,0.70517975,0.3173002,0.015053801,0.8198279,0.8100884
0.62507546,1.6169139,0.0033138096,0.6841169,-0.16372176,0.2443634
0.1363847,0.095607564,0.3383144,0.17375606,0.0010532066,0.7587651
0.5196403,2.0797002,0.31360036,0.5682487,-0.043932483,0.4356779
0.06681957,0.63941544,-0.44306895,0.3494403,0.20064136,0.8848398
0.22212037,0.38236547,0.41242164,1.2414027,1.0853912,-0.38125503
-0.41624856,0.104612365,0.9246595,0.8636482,0.36340064,0.24863991
0.81667054,0.23164602,-0.20803443,0.6971215,0.54144627,1.3159292
0.45296848,-0.69938636,0.38008714,0.23555806,1.041139,0.19825886
0.65080017,-0.7541946,0.8128593,0.7935134,1.3221965,0.8780439
0.968244,1.0556848,0.2670436,0.0060157403,0.7862929,-0.073949404
0.364623,-1.1184076,0.57460797,1.5153146,1.6503956,0.8436627
0.5355551,1.0018489,-0.5856483,1.0117724,0.53404653,0.5856017
-0.45659047,0.3715943,0.30867577,0.0075009465,0.5427332,0.27154377
-0.38834566,1.0319834,0.4563594,0.9050153,-0.18632258,0.13422267
1.0643117,-0.3482492,0.32070607,1.825623,0.60260785,0.8532544
0.4126318,0.18231401,0.59129536,-0.10489317,0.39681983,1.0970564
0.80477446,0.55313176,0.6748353,1.4502966,0.7688686,0.3353864
0.36404032,-0.8612669,0.74350977,0.9795295,2.0434206,0.8601584
1.9097923,0.6323173,0.17171732,0.38254556,-0.10306129,0.12252235
0.74808013,0.078647956,-0.41483876,0.5641746,0.27604598,0.5546865
-0.6397916,1.0199442,1.7119669,0.71407735,1.3780315,-0.42231175
0.12856075,-0.17298883,0.633167,0.42040727,-0.39588273,0.65170014
1.0727879,0.12654878,-0.20039639,0.19941035,0.12452752,0.5270913
-0.19989118,0.042067856,0.15692592,0.1755054,0.3158963,0.14411855
0.7379276,0.055519894,-0.37698656,0.48247477,1.6926649,0.24209741
0.5462414,0.76111937,2.099847,0.15205632,-0.54708725,0.26764736
1.1034206,-0.65512687,0.09213331,0.4528096,1.353963,0.1823064
1.5322722,-0.51221764,-0.041094318,1.7168454,0.5423239,0.5310947
0.04199647,1.3054918,-0.23500735,0.3059072,1.5373882,0.12167048
0.03493505,-0.94297135,1.2994305,0.6421526,1.1820704,0.53709936
-0.3111881,0.13489404,1.2570748,0.4371815,0.37974083,0.42001647
0.36243296,-0.5651553,0.69803464,0.82815856,1.2584057,-0.11158524
0.2344023,0.34461957,0.34453365,1.4971967,0.6514307,0.24118403
0.5478389,0.34628522,0.4085762,-0.113261186,0.034915335,-0.062456094
0.33150136,0.70750254,-0.23193464,0.35631981,-0.20448054,0.8963248
0.015859805,-0.12278624,0.9877261,0.60945004,0.6819614,-0.44420502
0.35072276,0.40309888,0.45216188,0.47298712,-0.2269455,-0.19320285
1.145849,-0.8370989,0.7661326,1.057097,0.306532,-0.17875785
1.0338795,0.6890331,0.6281682,0.0735819,-0.10145749,-0.45078054
0.5764509,0.44543034,0.31293827,-0.015888609,-0.24218799,0.7032686
-0.27323443,-0.11818129,0.8228692,0.7529806,0.61477387,0.25823724
1.2618313,-0.2698465,0.7812935,0.8517167,-0.27407002,-0.29754758
-0.027642883,0.6686782,1.1267153,-0.3345553,0.44370747,-0.05402077
-0.55756,0.051817015,0.5167804,1.0227516,0.70841587,0.701146
1.2433594,0.34896445,-0.072106555,1.2472906,-0.09566556,0.6502241
0.9857242,0.87293684,-0.50194,0.16368675,1.496286,1.1726815
0.769747,0.2939947,0.00540749,0.08274017,-0.053767636,0.27866
0.23050502,1.5356853,0.18449634,0.023473315,0.30056038,-0.056069218
-0.2899698,0.7320322,-0.14257187,0.27794534,0.65365285,0.9999991
1.2202958,-0.09009622,1.3847753,0.25142798,0.20883138,0.84495354
0.7980664,0.056183085,0.86519456,-0.23652047,0.26497808,-0.37148023
0.776221,-0.20863263,0.5614193,0.1107603,1.0531443,0.4337477
-0.17318055,-0.1774105,1.1462923,0.6552556,-0.49101847,0.05882833
1.2357411,0.9113078,1.0931014,0.26142865,0.7672755,-0.15356004
-0.7722575,0.953062,1.0158703,0.31206402,0.80815184,0.18552
0.6698741,-0.5873419,0.41673908,0.3618235,-0.06610353,-0.027462542
0.35722038,0.2813974,-0.28998116,1.0719947,1.9577725,0.29939333
0.5204966,0.68934345,-0.10042238,-0.17741916,0.7175285,0.5439339
0.43581897,1.5531272,1.3965575,0.527236,-0.5450693,-0.59760267
0.5399905,0.5982448,-0.046804786,0.7726035,-0.46755105,0.7799428
1.3461255,-0.15067078,1.1209835,0.27110022,-0.5200324,0.18275975
-0.28682065,0.74449265,1.8326082,0.6018555,0.010492414,0.18049043
2.3092856,-0.47012258,0.7455692,1.691181,0.7501161,0.8401866
-0.41551322,0.78038645,0.3245107,-0.07400409,0.9873472,0.63324225
1.1275909,0.22677381,0.9098971,-0.29012915,0.25221863,-0.06572809
-0.2390472,0.45883554,0.568768,1.1520896,0.76631695,0.7809279
-0.28305283,0.6849083,0.0032117218,0.37216696,0.22808139,1.0640956
0.07863515,-0.16108058,1.0927778,0.7520201,-0.06588332,-0.26370755
0.94376767,2.0009031,-0.309091,0.4530816,1.5805882,0.18581823
-0.20885211,0.10885246,0.13944148,0.6267632,1.093532,0.76581764
1.39812,-0.3279308,0.5156368,0.24000013,0.26706654,-0.43694833
0.94157606,1.3327019,-0.22161713,0.6387426,1.0475572,0.11295049
-0.4345101,-0.46966428,1.671616,0.82485974,1.03277,0.68472767
0.18543878,-0.08308788,1.0778961,-0.25063264,0.010769539,0.16286534
0.1323357,0.19932474,0.8101585,0.3499786,-0.5191439,0.19811404
1.3311511,0.80816406,0.46015885,-0.42393342,0.4359439,0.53080565
0.44882125,-0.055225447,0.75646913,0.8251245,0.17699975,0.78671056
0.8899387,0.4686342,-0.2883723,0.27699506,-0.11522034,0.44938588
-0.5272462,1.9473919,2.1225436,1.2329721,1.2658349,0.9117227
0.7674463,0.496863,-0.10474339,1.0958214,0.19159484,0.33124328
1.0710652,-0.1902356,0.7626362,-0.0050120205,-0.16542889,0.50383866
1.0612046,0.7340791,1.0269897,-0.34245694,0.7109757,0.40704662
0.5714624,0.13779736,0.93475676,-0.31168488,0.31639814,0.62723774
-0.3187961,0.59744906,1.9142021,1.2834702,-0.1587254,0.27956253
1.4382247,-0.8534076,0.5186379,2.5395505,0.9969251,0.47823378
-0.08326463,0.12312479,0.7092823,-0.11747561,1.7245224,0.376669
0.2491982,0.39058644,0.043044634,0.5179664,1.1678653,0.75611097
-0.34593943,0.31581464,0.396079,0.20916092,0.048503205,0.03882447
-0.23630846,0.3404947,0.14209437,0.15857208,-0.0066239685,0.5234589
0.8822208,-0.31334716,0.5563178,-0.021935165,-0.057365745,0.60661
0.15905577,1.0592368,0.018590868,0.3104028,0.049148522,0.10483972
1.3992373,-1.195955,0.51126647,1.8425627,1.0985581,0.64950806
0.82896054,0.23576312,0.62338305,-0.5588218,0.9008324,-0.003185019
0.40010527,-0.3237111,0.47768548,-0.085117124,0.4767993,-0.002278775
0.6767557,0.052819833,0.45664117,0.10807799,-0.12682045,1.0816687
0.15291935,0.30035615,0.6574558,-0.5233218,0.98452985,0.5077739
0.35026953,0.14273448,-0.44311705,0.8993122,1.0031037,1.1349354
-0.55735326,0.2173961,1.0323529,0.37008047,1.3716882,0.38835692
0.73447007,2.0539923,0.99065876,0.11005885,0.6894798,0.58325404
-0.13188836,-0.56148934,1.0596608,0.14512758,0.5336981,0.6391716
0.16271138,0.008536264,0.1990336,0.3688971,-0.06272666,0.028164595
-0.33050647,0.8509598,0.43596792,0.42639777,-0.11424142,0.23672614
1.1904482,0.4439695,-0.33901563,0.7938867,1.3002899,0.84094596
0.69126964,-0.46980935,1.0700358,0.20834695,-0.023591287,0.029262017
0.750251,-0.12383865,-0.43286142,1.390352,1.1522609,0.46453318
-0.13698545,-0.4540962,1.1047369,0.10563689,1.0028865,0.46146357
1.3640101,0.85438913,0.98198664,-0.22768596,-0.3395024,0.39373857
0.4452323,0.13581063,0.38316602,-0.39110512,0.43588364,0.11187786
0.19667271,0.91404647,-0.07793976,-0.029247142,0.59659374,0.8763346
-0.4857443,0.49915624,0.5044913,0.4451567,0.5799808,0.42531097
0.6326692,1.6862617,1.1606268,0.34109715,0.15525061,0.657634
1.2722335,0.85774827,0.033816352,0.27150124,-0.00078465044,-0.061738662
0.9723142,-0.4921531,1.0769212,-0.2788826,0.47970062,-0.020215645
0.06862708,0.12355055,0.21802062,0.28241494,0.09334188,0.003137879
2.3011642,0.564105,0.7676045,0.045201816,-0.28416014,1.0467443
0.03532379,0.0900422,0.18497701,0.30922234,-0.2482646,0.34401125
-0.7891385,0.8434932,1.2416708,1.2785372,0.006021999,0.4731413
0.34351638,0.04176472,0.560167,1.1878815,1.7998314,0.23361489
2.0360944,1.06459,0.21788989,0.55957913,0.85880065,-0.39435518
-0.008161254,-0.45206612,0.5200802,0.35730657,0.66815996,0.6113053
1.8724027,-0.5438209,1.0325063,1.6945982,-0.08583118,1.3563446
0.9530218,0.58806187,-0.86403763,0.9972094,0.604247,0.9642814
0.73836654,0.7042035,0.1029782,-0.07937863,0.2180477,0.050556194
0.34863496,0.540748,0.2210385,0.064602725,-0.019569539,-0.07581464
-0.075700246,-0.07813151,0.7772509,0.30097795,-0.43156332,0.5052121
-0.6404358,1.2511727,0.44966865,0.31454158,0.9777092,1.7742941
-0.28494605,1.0461335,0.08861469,0.13482201,1.0322013,0.50009423
1.6093996,-0.71787906,2.4902885,0.21572137,1.2561412,0.40091556
0.6355176,-0.7069208,0.31093872,0.58158696,0.785743,0.10465461
1.2798473,-0.70891,0.8343575,1.3055559,1.1082901,-0.097809635
0.8194154,0.2895642,-0.11761683,-0.05912032,0.85264087,0.22300532
0.7897686,0.4845481,0.09157136,0.08871846,0.092777945,0.2651724
1.4362159,0.59509325,0.17453614,-0.064252205,1.5646185,0.2165775
1.1459155,1.188196,0.26082328,0.3678612,-0.21139006,-0.027911201
0.25991815,-0.71715045,0.80819094,1.4493465,1.4081517,0.45378065
0.34566173,-1.0492198,0.77368784,0.49016514,0.68413454,0.23177803
0.4358741,0.5635586,0.67970145,-0.13619095,0.30501458,-0.2580159
0.00373929,0.06256516,0.6235839,1.6637353,0.44825196,0.33718005
-0.2643132,-0.37751573,2.1476247,1.2207832,1.3662157,0.12519643
0.6822782,0.25440598,0.034412503,0.17660391,0.4696136,0.0079213455
-0.88397235,0.8885229,0.83426154,0.93535393,1.2426704,0.45172623
0.6960477,-0.15623695,0.78894055,0.49826574,-0.53734547,0.32240656
0.21569961,2.8086894,0.16704695,1.5241778,-0.08162552,0.4867763
-0.22751671,1.468466,-0.3547552,0.7188466,1.0688742,0.35686716
0.32029933,-0.6399861,1.4787655,0.8419409,0.2671194,0.67282
0.88784355,0.57341504,0.58417046,-0.24893218,-0.21068026,0.29199937
1.1612637,0.9820424,0.6218319,-0.19021681,-0.41240394,1.2053739
1.7442505,0.1676804,0.9580296,0.07033626,-0.31277233,-0.10363609
1.1395571,2.538986,0.23256712,0.15876266,1.1576992,-0.2388114
-0.38189998,1.9502296,0.44467792,1.7694229,0.5958972,0.27903578
0.06756165,1.347409,0.46321824,0.20546874,0.4998278,-0.111258514
-0.09884954,1.2365881,-0.09593688,1.0828137,1.1560669,-0.094015695
0.19429773,0.31078982,0.59265673,0.07774441,-0.035882607,-0.20284328
0.019553654,0.013986245,0.23668282,0.16023725,0.10460836,0.5263679
0.65600914,-0.09127943,0.47695735,0.7040762,0.18953449,0.5655045
-0.8347372,0.1950622,1.2176517,0.9385634,1.23661,0.35879922
0.09536164,0.90611815,-0.2845082,0.9711955,1.1578541,0.022081017
-0.1942791,1.162553,0.29296765,0.08826691,0.5741166,0.032390423
0.38393614,0.5599401,-0.33721343,0.53862345,0.36945748,0.124335706
0.8590845,0.6189021,0.5452367,0.07395062,-0.42664528,1.0216256
-0.00062514096,0.093172416,0.41438082,0.22038683,0.94844127,-0.10624168
0.25773305,0.28539532,-0.018781148,0.23231116,-0.1361508,0.55496854
0.49854016,1.0522819,0.45110175,-0.38793883,0.57093966,0.33139938
-0.06703139,1.0685074,-0.16697288,0.9401728,0.4944532,0.762064
1.0525905,-0.1790912,0.92890227,0.03195034,1.7407045,-0.14617223
0.6199056,0.06825058,-0.25019085,0.44387418,0.42600513,0.18265578
0.6174284,0.55811965,0.61609197,0.21739331,-0.063473314,-0.38620347
0.49652934,-0.0013639033,1.3442239,-0.40353152,0.565934,0.41851127
1.5663755,1.1200339,0.57053006,0.1989184,0.84599125,-0.29065254
0.78427386,0.5836068,1.1650869,-0.055167995,1.1932561,0.071965724
0.37049776,0.2025645,0.81268406,-0.08888569,0.8166776,-0.29089615
-1.1185272,1.2978216,1.77874,1.784473,0.8521973,0.2557707
0.59887123,0.92799366,-0.34984043,0.6142162,0.03402701,0.25192955
-0.19530046,0.26816356,-0.21225008,1.5782003,1.3169901,1.2414078
0.20667166,0.22208536,0.3096199,0.2208881,-0.36513484,0.38878676
0.48162627,0.27350998,-0.07650553,0.0006222874,0.9339312,0.13972554
-0.034015603,-0.2228476,1.2549065,1.1521971,0.014279284,-0.15508917
-0.57465917,0.94394577,0.12090265,0.109146945,0.37268937,1.1815213
0.8053288,-0.60251427,-0.14801131,0.33488682,0.35213768,0.41741207
-0.25128776,0.23896113,0.39888683,-0.09505173,0.29891512,0.2907018
0.46335933,0.61689544,0.26003596,0.96775854,0.34210065,0.5298747
0.4538453,1.5282966,1.0483433,-0.27855083,0.028942637,0.071018524
-0.0041386113,-0.35346633,0.5416807,0.06730635,0.5573377,0.33883798
0.4856819,1.9405032,-0.6524867,1.529613,0.31118983,0.54374415
0.072676264,-0.33555138,0.5127008,0.44451883,-0.09575951,0.11220708
1.6064765,1.7572957,0.5608077,0.68903923,-0.4912603,-0.4388018
0.7612744,0.2100843,0.8671471,0.7286476,-0.4481936,1.5539614
-0.92064095,0.88691723,0.7779472,0.4571841,1.4884387,0.44077122
0.4232702,-0.14964226,1.2071697,0.13583055,-0.04339458,0.14389426
-0.41815576,0.0049830824,0.73484695,1.361772,0.74184895,0.27771762
1.5710138,-0.1278675,-0.5040281,0.52748454,1.4501505,1.1634012
0.008542307,0.23693089,-0.00713861,0.022272632,0.09767382,0.43455124
-0.09711442,0.59530175,-0.24252418,0.8172936,0.5846724,0.2175932
0.2891924,-0.035294816,0.31679633,1.0962615,-0.10521658,0.535444
-0.4018662,0.84433633,0.8998194,1.1910033,0.025488712,0.38646838
0.17511907,-0.3737616,0.22332716,0.53666866,0.18670249,0.085928254
-0.32777652,-0.028527543,0.47834733,0.278812,0.6283947,0.15396404
0.14584762,-0.2991615,0.4669982,0.32475352,1.0384934,1.0058645
0.67920506,1.9479785,2.0520227,0.7582827,0.36349338,0.4312352
1.3434496,0.32780492,-0.49352905,0.94269,0.354275,0.558196
0.5759259,-0.48849207,1.1936878,0.22702974,-0.33027548,0.36457893
-0.018206693,0.32353038,-0.07404901,0.19221035,0.024896368,0.6062684
-0.07578824,0.53274,0.63382494,0.358376,0.07490359,-0.17188004
1.0236336,0.35571826,-0.19940057,0.48753357,0.10396097,0.100021854
0.95121354,-0.32056046,0.84430397,0.4608515,0.75369275,1.703196
1.2881761,1.6386968,0.33045575,0.34334043,-0.28837842,-0.056594394
1.0931333,0.3607136,-0.07057062,0.16724199,0.40215427,0.32105216
-0.39506927,0.82460487,0.84896576,-0.33124757,0.5585873,0.5640808
0.698139,2.4980128,0.068466686,0.6596567,-0.04468645,0.45213696
0.95073223,0.9365487,0.5124785,0.35575625,-0.5557191,0.043554384
0.20612454,-0.41459382,-0.057873294,0.7256087,1.1212069,0.18853432
0.38948292,0.0038007349,0.08927328,0.40248373,0.15937236,-0.042193636
0.36497265,-0.07078205,-0.25151226,0.32101348,0.7282487,0.25732043
0.9322459,-0.15898572,1.1465201,0.19714075,0.64591545,1.2377857
-0.33017674,1.0253605,1.0465041,0.2778142,0.11354842,-0.227431
0.3293627,-0.08179064,-0.04637289,-0.09677804,0.5484819,0.33906862
-0.18140328,0.31356984,0.68156457,0.7181996,0.31569088,0.21768156
0.6245964,0.15265249,0.5594014,0.033344395,0.34335798,-0.29697838
1.1220264,0.16870625,-0.4371471,0.4595749,0.4660462,0.2576034
1.1392511,0.6670155,0.6763499,0.17206612,-0.5437601,0.36163732
-0.45247078,0.35644555,0.41986206,0.56825256,0.062402792,0.53924257
0.7102562,0.6851195,1.0520263,-0.42910674,-0.17217429,0.9869637
0.3821856,-0.15797345,0.3861975,1.3516363,0.44098997,0.74384063
0.06458249,-0.095914334,-0.04809487,0.47802916,0.98061126,0.11211142
1.4433467,1.3049715,0.010081038,0.5033592,0.24741454,0.48643225
0.5705905,0.5891692,-0.41710594,0.24167359,1.2683107,0.51224875
0.54776484,0.22767921,1.2790188,0.38776407,-0.7226023,-0.10343974
0.39656472,0.18859465,-0.22267094,0.14888069,0.12614648,0.42907718
0.50447136,0.21140285,0.48656344,0.27713528,-0.344234,0.04567971
-0.37895256,0.19818546,0.6229032,0.1172043,1.067905,0.06253156
-0.04262606,0.17367344,0.30142456,-0.26111686,1.0245736,0.24331963
-0.25638264,-0.08513212,0.95936656,0.46735677,1.4670002,0.46425253
0.071152754,-0.15323888,0.5135039,0.7312942,-0.22319268,0.2859263
0.6394512,2.285009,-0.43751422,0.8460957,1.0839612,0.82732075
-0.18325207,0.01811947,0.7010485,0.1616025,0.9103201,-0.07047119
0.31985956,-0.030927613,-0.00054945797,0.3651193,0.07196293,0.179218
-0.8326255,0.2261209,0.5736183,1.4190409,0.7988376,0.7164037
0.2097584,0.49071395,-0.35956332,0.0427636,0.49992192,0.501864
0.26453143,-0.6193046,0.29191378,0.1397829,0.97049546,0.37079686
0.5308873,1.3563446,-0.0014941543,0.5801267,-0.2700951,-0.06792351
1.2501415,1.4997087,0.7482135,0.89603156,-0.53652656,-0.06010168
-0.28213948,0.78929293,-0.25169238,1.4691558,0.93143594,0.79493934
-0.09633664,1.2638519,-0.38525644,0.6781698,0.21421665,0.89065945
1.1675142,0.5164737,0.54571223,0.06709383,0.054788068,-0.45689276
0.63587165,0.33410817,1.592904,-0.35466304,0.21211684,0.60686153
1.0058377,-0.3180045,-0.031146124,0.8474369,-0.009083554,0.6229571
0.33460313,1.195319,-0.723469,0.7897041,0.4714437,0.75975
0.1968764,-0.65545726,0.9154166,0.52129346,0.43658006,-0.2155067
0.84555846,0.4353431,0.834713,-0.55577314,0.6044823,-0.16385818
-0.5750702,0.73346704,0.94253397,-0.08159042,1.0835758,0.10693686
0.441651,-0.110826835,1.2630597,0.8756429,0.0009283945,-0.043390594
-0.5840498,1.7833793,1.5474895,0.48069793,0.8068389,0.4436766
0.44066995,0.3636974,1.5466315,-0.20127633,0.34610444,0.8332674
0.7151442,0.5953017,0.1513192,0.53402925,0.0202078,0.3385624
0.011640616,0.36090976,0.27437493,-0.11667418,0.09888504,0.3818249
0.9151374,-0.061096326,-0.44360343,0.8978038,0.9329802,1.5400885
0.17688504,0.37284142,1.6389478,-0.17886868,-0.3082714,0.8663139
-0.21964228,0.08728841,0.34851182,0.2905651,-0.16862296,0.3564438
0.21956643,-0.4114542,1.5160047,0.9130493,0.840891,-0.16065866
0.080301695,0.532619,-0.5619576,0.9480178,1.1323059,0.8593952
0.39556453,-0.056570068,1.2671765,-0.27384758,1.0907733,-0.22901139
0.4184788,-0.6498938,0.39236465,0.6958249,0.9249932,0.2475979
0.46960437,-0.9682962,0.9818921,0.42804626,0.8191628,0.41494823
2.3140743,0.8572972,1.0856928,0.9817392,0.09243456,-0.6281928
0.9087392,-0.33844537,2.0487313,-0.64320445,0.9677168,0.84753907
-0.27119225,1.928298,0.7619504,0.54158443,-0.17620115,1.8421135
0.2848353,0.3349945,-0.042821884,0.882436,-0.022469394,0.118143775
1.587843,1.307422,1.2321634,-0.3756027,0.6231752,0.5156182
-0.55384845,0.48150647,0.6949395,-0.04163199,1.1513174,0.98730487
0.8566569,0.14479549,0.6976869,0.83468497,-0.023730569,2.0551934
-0.61285865,0.4945503,0.52817535,0.17289379,0.66664904,0.58974195
-0.9085576,0.25013405,1.4300467,1.701684,0.53556323,0.30071163
1.3316426,-0.0793149,-0.22702768,0.07459841,0.9902082,0.3621528
0.64156926,0.3521372,0.09381491,1.5505553,0.12209861,0.5321115
-0.14299545,0.085111514,-0.04779823,0.08184815,0.79178935,0.57423764
-0.17407915,0.49937075,1.2820307,1.4611313,-0.011060312,-0.40604794
0.1229667,-0.52948314,0.6208632,-0.010410972,0.9760771,0.3196623
-0.6723295,0.38892603,1.1487308,-0.15414649,0.75577414,0.18172516
0.15131795,0.0925934,0.077875115,0.248386,-0.17997293,0.24920937
-0.24247646,0.26740596,0.4122177,-0.008347429,0.31998193,0.0889464
0.5797651,0.6733591,0.1717957,-0.10578614,0.38814813,-0.044899896
1.233981,-0.14749254,-0.41143617,0.81928855,1.17867,0.38943392
-0.43788633,1.3961952,-0.1063903,0.8405022,0.919434,0.22448272
0.06934785,-0.34080756,0.16500394,0.1978381,0.68997556,0.21398664
0.88418674,-0.80081487,0.010518365,0.88721037,0.99164784,1.165318
1.0810442,-0.39900714,0.39695373,0.3764169,1.1969653,1.2287441
1.3423843,-0.3467521,0.33679307,0.6496949,-0.42483658,0.28807858
-0.61797017,0.9909868,1.0189583,0.6810702,0.11209116,-0.24559417
1.7456691,1.4955285,0.96808445,-0.33054122,1.0804594,0.046594333
0.27149355,-0.18112187,0.2644454,0.53870076,-0.2894724,0.18302257
0.61042154,0.12747027,0.9755297,0.78995204,2.6147683,-0.072614245
0.32054886,0.1422066,0.5468924,-0.4782355,0.92000556,0.7615201
-0.5085542,1.4766566,0.43987274,0.13205907,1.076135,0.5377849
0.7321332,1.0373926,0.041176483,1.1224575,0.06958053,-0.2442441
1.3540106,-0.510854,0.5531745,0.88212025,-0.17058115,0.20001021
-0.547519,-0.16219683,0.5021025,0.8467254,0.7562768,0.535885
0.45550695,0.7948129,-0.5668322,1.4563556,0.76172626,0.6629588
0.20095327,-0.2327917,0.34475705,-0.026176497,0.33162025,0.24983218
-0.8689685,0.22747245,0.7310698,0.56876254,1.5702549,0.5173285
0.38784167,0.6035996,0.25032014,-0.3713478,0.89016765,0.050875157
0.43123472,0.94287634,0.15478304,0.7418994,-0.2143292,-0.25611854
1.4970305,-0.064880446,0.64818597,0.05928927,-0.23656629,0.68127584
1.5932363,-0.108975455,-0.28009686,1.0233959,1.6782042,-0.10261763
0.5654654,-1.0863819,1.3495444,0.8253199,-0.02852571,0.2080813
0.09212639,0.28606856,-0.08613424,0.25410935,0.20162112,0.115698084
0.67300445,0.12467024,0.30217782,0.065986685,-0.18981923,0.0595515
-0.07191334,0.35973656,0.87286997,0.1967935,1.3063154,-0.41159603
0.20789865,-0.44523782,0.78853595,0.585461,0.11515177,0.30742332
0.4090944,-0.13102467,0.28373381,0.4272339,-0.04127167,0.17595017
0.43087214,2.3182435,1.1406201,0.42196563,0.12948442,-0.101377465
1.0886582,-0.3631109,-0.31648272,0.9415468,0.5782994,1.3158746
0.21365696,-0.9533832,0.8808596,0.5715223,0.32125384,0.050605826
-0.09324745,0.053163663,0.16230622,0.39287505,0.9475054,-0.10028619
1.2877254,1.0658727,1.4685544,-0.29680428,-0.5119686,0.75417703
0.24616349,0.18679662,-0.2515401,1.0539845,0.69922745,0.29406944
0.094547115,0.6516525,-0.1967003,0.1679005,0.09544201,0.32324862
1.0636353,0.37407988,-0.19971994,0.25386718,0.6882752,0.03912383
2.116596,0.56538165,0.9173553,-0.06807513,0.41360533,0.22257516
0.5303491,0.09274788,0.43156943,0.42391244,0.46516514,-0.27254343
-0.3949896,1.3385183,0.4013299,0.53540415,0.45508724,0.06613353
0.88352257,0.1905979,0.08123243,-0.093142234,0.25207353,0.19622163
1.7301581,0.6281693,-0.45916423,0.29826224,0.8952547,0.37035865
1.1748687,0.05964102,1.2456561,0.4810408,0.27005592,0.673276
-0.14494932,0.5497795,0.7190306,0.5673908,0.049108442,-0.23424119
0.95668644,0.55420065,0.25316152,-0.40640846,0.91832805,0.26700038
0.9225208,0.38844663,-0.62842536,1.3120794,0.86943614,0.77637357
-0.5057992,0.3744433,1.029183,0.062157832,1.1798013,-0.015881233
0.21379948,1.1068202,-0.1661546,0.3165838,0.6747398,0.41631845
0.57340103,0.79020214,-0.49069086,0.7616092,1.0640827,0.06250149
-0.46683848,0.73760843,0.17384964,1.1218841,0.7875835,0.880157
0.62363464,0.033181176,-0.31033602,0.098007776,1.1343682,0.19993407
1.8411348,0.0066829473,-0.27775225,0.916541,0.52573067,1.3626723
0.71992964,0.25147825,-0.69778216,0.7833599,0.7360418,0.46697584
0.85959035,0.00485684,-0.39434257,1.0196835,0.37062013,1.2936661
1.2581034,0.8671512,0.5214368,0.1103868,-0.36249483,-0.19880459
0.08426901,0.4324463,-0.21371594,0.08844172,1.1191641,0.44884005
0.78420514,0.49908757,0.97882605,-0.5591358,0.35280186,0.9683752
0.5265015,0.8649262,0.968856,0.58674896,-0.6871049,0.06641616
0.4004408,-0.094760135,0.10853105,-0.19014004,1.1217961,0.53787035
0.33071503,-0.2864163,0.22242087,-0.025500186,0.85752916,0.0734337
0.018857501,0.76519436,0.78966,1.2684567,-0.48002934,0.24387902
1.1261075,-0.7511508,0.68205166,0.82869583,0.13698694,0.13628021
0.23486215,-0.059864253,0.06821664,0.14378113,0.5352902,0.019614965
0.31206656,0.881799,0.6944697,0.12502003,-0.14500752,-0.26806328
0.18751281,0.76628375,-0.17172536,0.49092373,0.38197714,-0.053181462
0.12003087,0.6825888,0.57289267,1.2198309,0.66228193,0.06277924
1.1363019,1.3303204,0.06469859,0.45842263,0.18518975,1.2756991
-0.355503,0.40209502,-0.012807444,0.61823934,0.4899243,0.5805034
0.4560037,-0.26336712,0.16619712,0.47319642,1.2178832,1.3707284
0.9127701,-0.35660738,0.627012,0.10532964,0.13558215,-0.032152697
0.92449087,-0.9061719,1.7463783,0.13860674,0.86293966,0.44724184
0.99292374,0.4032874,-0.063242584,-0.07877395,0.92236423,0.55004793
0.59415835,0.24792697,0.0814927,0.75011945,-0.30145192,0.40094188
0.79112834,0.05276774,0.12510327,-0.2944878,0.62174106,0.26850775
-0.27150214,0.6133007,0.08616919,0.9464969,1.6187823,0.8831777
0.35460007,0.66122675,0.6871506,-0.2697985,0.5025959,-0.048541375
0.8985427,0.3795973,2.1414468,-0.5839127,0.5148922,-0.16330808
1.4104165,-0.5189241,1.5546377,0.51453584,0.25134623,-0.29516408
0.50146264,-0.52431583,2.5074692,0.55898803,2.1550922,0.08294093
0.6079383,0.14064483,-0.14979954,-0.042618312,0.36588353,0.68004745
0.21012086,-0.07381293,1.3494238,-0.1769746,0.63206893,0.99719936
-0.07187686,-0.011498466,-0.057485133,0.24917367,0.42412698,0.54726446
0.69624084,-0.04159002,0.90521324,-0.16608313,-0.085280076,0.4861118
1.5117271,1.35563,0.5664197,-0.20479184,0.099537574,0.022315182
0.18858731,1.0710213,1.0025499,-0.17731199,2.0567105,0.35656425
0.11406525,1.4052037,-0.5425459,0.7708796,1.1032588,0.58932537
1.7822428,0.04916741,1.5279038,-0.04067462,0.10036094,0.7705078
0.34130985,0.20289052,0.241135,0.42696786,-0.44308418,0.4197964
0.3708393,0.68624103,0.14349528,-0.027221523,0.8964699,0.23056811
0.8442965,-0.10287203,1.8109461,-0.5027393,0.19168499,0.38353896
-0.26033688,-0.3969456,0.76846206,0.23559242,0.58629924,0.25014126
1.2942425,-0.520828,1.2153834,1.4597183,-0.1668907,0.2222574
0.4797107,-0.153236,0.57002527,0.5768004,-0.34258848,0.7443739
0.49307907,0.58218765,-0.35981524,1.144119,1.5884194,0.16471201
0.41490865,-0.6531577,1.9954394,0.6809301,-0.24875028,0.466047
1.0499439,-0.0059747845,-0.07415098,0.4975735,0.009469911,0.3692727
0.46535313,2.4810493,1.2648953,0.9647303,0.19123736,-0.3370501
0.73218185,0.71381223,0.97319674,1.079617,1.0544442,2.4967973
0.22117203,0.008122787,0.42899507,0.4310807,0.8499477,-0.07394559
1.5268341,0.99845517,1.3344573,0.6059522,0.33908862,-0.6786937
0.3766524,0.57720345,-0.10870108,0.3420745,0.014245763,0.064114295
-0.44735128,0.7786969,0.7302518,1.0015128,0.11754343,0.22267705
0.09805039,-0.26959878,0.43281153,0.019126408,0.45216972,0.3719291
0.82096964,0.4356376,1.2268721,-0.1958004,0.47457558,-0.6623647
0.64026695,1.0627803,0.15290473,0.48022723,-0.18843855,0.34889475
0.75991863,-0.40613186,0.4655389,0.95951456,-0.38865745,0.3808816
0.8161726,0.26241767,1.3912755,-0.1343362,0.20706831,1.836939
0.16078946,0.5333136,0.5755011,-0.25575688,0.082249634,0.27129042
-0.060703345,0.16599482,0.13020077,0.08646817,0.6331047,1.1128142
-0.866267,1.249358,0.59209883,0.9387883,1.6407562,0.58016205
1.4159292,0.93923545,0.018985428,-0.08602398,0.59165835,0.2229552
0.98869896,0.4178902,-0.57011724,0.96226716,0.48726034,0.2773953
-0.31589526,0.12626213,1.0825092,-0.16488022,0.5402221,0.2122638
-0.083248384,0.15121208,0.504344,0.008757539,-0.09030607,-0.024693668
0.1648691,-0.1650207,0.051853724,0.46029115,0.46508038,1.0336553
-0.41879824,0.9314758,0.21513708,-0.10911893,1.0537277,0.51195353
0.696554,-0.18749951,0.8778454,-0.42327788,0.43239093,0.039700244
0.29235604,1.9904559,0.17878154,0.5603811,0.09432614,0.3146765
0.03847114,0.48419857,0.42774987,-0.53002936,0.9279892,0.2873786
1.4631417,0.10279767,1.1188828,-0.03159169,-0.38306051,0.8383768
1.9479647,0.56624943,1.972701,-0.7587807,0.81010187,0.6603916
0.4651823,0.1184451,0.62029505,-0.37948054,0.35540116,0.57776874
0.53422356,-0.0033008903,1.3117846,0.42584872,-0.50291234,0.5165321
0.2563271,-0.37356412,0.026307143,0.35652485,0.58862126,0.22804403
0.20600101,-0.17926292,0.8225106,0.5559477,1.3081536,0.6130485
0.16424751,0.8266999,-0.13085823,2.091907,1.6423787,0.49240956
-0.09882722,0.37466604,-0.27375877,0.49112687,0.9507232,0.3847486
2.3512712,-0.8269775,0.69995975,1.0587296,0.035359405,0.052089192
0.2300447,0.9135223,-0.58982134,0.7842979,0.81759363,0.29169333
0.7833416,-0.7712195,1.6198308,0.31479543,-0.15793411,0.7364401
0.58767563,-0.37680525,1.2803074,0.26527172,-0.42236453,-0.07000042
0.9818578,-0.24468644,0.562415,0.45559922,1.9870433,0.6014513
-0.28996608,1.3234565,0.2768544,1.0676793,-0.15176229,1.0429167
1.0309796,0.16453455,-0.5251292,0.37437367,0.33132738,0.6536921
0.7079846,-0.74406177,0.30031812,0.3717551,0.07952097,0.46784332
1.4134669,0.69905627,0.43668953,-0.15118751,-0.16519506,0.6139947
0.29397577,-0.22442995,0.4274123,0.01613605,0.712737,0.4290505
0.46214253,0.41549808,-0.34220383,0.4160504,0.9922428,1.3368042
0.85331064,0.7195042,0.5419921,0.24252343,0.12444813,0.66941357
0.73087084,-0.079682514,0.08594542,-0.06252187,0.7766004,0.35959238
1.0491117,0.80241096,0.4363945,-0.38546756,0.6473837,-0.14159083
0.9339939,0.18511818,1.7138369,-0.64936715,0.7087518,0.55604136
0.025980167,-0.29770464,0.9509399,0.00637535,0.24957998,0.55967647
0.44487834,0.24211688,1.1705168,-0.4900134,0.5229835,-0.15825632
0.08443215,0.6171478,-0.31379345,0.4147138,0.66385883,0.5374741
0.81127757,-0.85822594,0.21563393,0.7719861,1.2440476,1.0482149
0.34835783,-0.23027141,0.7226262,-0.34794092,0.9783991,1.0108
-0.060805686,1.2409102,2.2833743,0.46505204,0.76099974,-0.46908107
-0.055327214,0.45578814,0.27541888,0.25842598,-0.2694794,0.6080889
0.9952584,1.4250809,-1.0109624,1.1872523,0.8840489,0.78290534
-0.29264998,1.6037533,-0.4982153,1.5059185,1.2852424,0.88208807
0.72733873,1.0499307,0.5896783,-0.42608657,1.1564717,0.014762662
-0.27743527,0.6740604,-0.24892423,0.6091891,0.46174574,1.0646917
-0.23380655,0.6547599,0.31923956,1.2794042,1.2380459,0.09347701
0.46352053,0.10694446,0.7529857,0.18436533,-0.12889461,1.1347054
1.3187888,0.23106603,0.25079083,0.10691628,0.60479903,-0.32244468
2.010426,0.85342205,0.86007476,-0.39737472,0.5221601,0.23517966
-0.19445372,0.1665203,0.033401713,0.14018017,1.1621153,0.98897773
0.23436835,0.29418588,-0.10978049,0.0261283,0.28585687,0.17986733
0.1351605,1.4482923,-0.4067844,0.55422884,1.5057963,0.16268453
1.326628,2.0415637,0.04839217,0.7766077,0.20134245,-0.544163
1.0894719,0.45012212,-0.30641875,0.23439723,0.5539196,0.37230653
1.3723218,0.82236123,0.2038773,-0.46305743,1.1920807,0.5548193
-0.00093313307,-0.19826661,0.38162413,0.15017094,0.15081742,0.08563858
-0.26242775,0.57630074,0.8182421,0.12594533,-0.06345846,-0.099329926
0.77849305,-0.98358357,0.734355,0.79690903,0.1956983,0.0060152933
0.49626583,0.77144665,-0.25627717,0.3209338,0.10752491,0.8514329
0.75281596,0.11172365,-0.5628593,0.59295404,0.68663853,0.33693933
-0.024924032,0.18435341,0.3879781,0.017853893,-0.12108989,0.19902602
0.985535,-0.271919,0.9303479,-0.49522474,0.67122024,-0.251765
-0.26396492,0.50831085,0.32676587,0.11405841,0.5986111,1.11352
-0.2869885,-0.24855517,1.5072333,0.008144103,0.61688423,0.21737474
-0.11895088,0.9951805,0.8289995,0.798434,0.017906927,0.2828038
0.5547865,1.2886351,0.087697834,-0.44315925,1.8773496,0.58791244
0.9016613,0.31116378,0.9675994,-0.38515276,0.12247681,0.9458121
0.6633425,0.016053721,0.9924184,-0.30593452,0.3581589,0.4830704
-0.5186464,0.44331956,1.6524999,0.13450634,1.3219032,0.6735096
0.49494383,-0.2237051,0.25297278,0.44529966,0.51479965,-0.117490895
-0.70724857,1.5059097,0.32524374,0.7673588,0.4250201,0.334723
-0.88824576,0.6382637,0.55965716,0.6178256,0.76906574,0.44537577
0.4665561,0.9681073,0.08739437,0.15734851,-0.30724144,0.38289583
0.5342952,0.9381319,0.14401126,0.28607202,0.72131175,-0.26134607
1.1043854,0.17605068,1.1814911,0.6268147,-0.8581831,0.08067345
0.44841573,0.40781814,0.6934464,-0.24247956,0.09674615,-0.097839154
0.11847984,-0.25911975,0.8331355,0.3309236,-0.22801562,0.65292484
0.4729678,-0.119144395,0.044399057,0.350694,1.1159972,-0.019671716
0.29256323,-0.28843415,0.9132314,-0.16186404,0.72951496,-0.05008339
0.100655384,0.7000479,0.017755173,0.25617155,0.896814,-0.08365663
-0.37019458,-0.04703425,0.7286458,0.23213366,-0.05641736,0.1474633
-0.5141175,0.2605955,0.6929964,0.61592317,0.62220675,1.5291243
1.1751088,0.46236193,0.75802827,0.71637803,-0.91039604,0.4148032
-0.21286228,-0.08881587,0.45526692,0.03865484,0.45091194,0.16818899
0.40061158,1.0999899,0.8418057,0.30857983,1.5420961,-0.86540556
0.024704002,0.8541785,-0.49677667,0.64979833,0.42649198,0.76115614
-0.36124367,1.3269283,-0.4362333,0.6598306,0.9455323,1.2310704
0.32469517,-0.012553409,0.23753044,0.45726466,-0.4425307,0.83034647
0.029691242,0.25160056,0.87483525,-0.029322647,0.4483201,-0.29577067
-0.49362326,0.63117397,0.9005066,0.8654008,0.4432941,0.11522485
0.064139284,-0.04146479,0.20315163,0.21513334,-0.05633843,0.62629807
-0.24825934,-1.082515,1.891435,0.9750856,0.43718272,0.29729936
0.29892975,0.3628112,0.41115347,0.727044,-0.5492809,0.31903258
0.15985698,0.18869463,0.09900357,0.34927118,0.3707162,1.4001689
-1.0798064,0.8648195,0.7348081,0.71682554,0.8530098,0.38047442
0.05614298,-0.7675151,1.2851323,0.099589236,1.3385543,0.4520379
0.3093784,-0.24590068,0.6063484,-0.22971219,0.25738585,0.17331243
-0.2319602,-0.2150008,1.276132,0.613909,0.8053594,-0.44621262
0.8927899,1.5948579,-0.5228689,2.0052848,1.5423435,1.3132925
0.83240694,0.38877463,-0.1398642,1.1202743,0.7258254,0.37480208
0.56342363,-0.93246377,0.83400667,0.76140213,0.46072513,0.63343537
-0.38237628,0.12732138,0.30308563,0.070672534,0.3609612,0.24920025
0.18254536,0.15626742,0.08965602,0.1307401,0.13473831,0.3735784
-0.32181385,0.72553134,1.8150078,1.158251,0.89777404,0.20225047
0.08054345,-0.041889116,0.64108086,2.140763,1.6841147,0.5631185
0.29911706,-1.0984999,1.3093826,0.8641029,1.3615655,-0.15494758
-1.2523911,0.8139554,1.1801759,0.21748826,1.7223058,0.5359072
1.1581684,0.71096337,1.9624783,-0.9013251,0.8242301,0.5652487
1.4538783,0.17067476,0.094141394,0.43788698,0.1870638,-0.23575637
0.5330806,0.31589246,0.12212816,0.14955702,-0.08590114,0.618343
-0.31446993,-0.004028395,1.7760042,0.29002896,0.37704927,-0.066010304
1.59454,0.5384445,1.7544917,-0.60615104,0.36561507,0.23997912
0.48348248,0.7599219,0.19335529,1.518994,0.73116606,1.1895792
0.8493758,-0.06036195,0.7156575,-0.32793304,0.9956277,0.0040038824
0.42052883,0.22967286,2.017654,0.117099665,0.39689755,0.6135027
0.55780315,-0.05121471,0.40838358,-0.13203815,0.110644445,0.8334665
-0.30026007,0.20484956,-0.08332789,0.48404565,0.82650924,0.48440847
0.68199044,-0.3876298,0.30964157,-0.02160865,1.2326899,0.5385297
-0.2616383,0.36252624,0.39397126,0.25598934,-0.2508145,0.080435544
0.26393244,0.7635356,-0.29009417,0.47768867,0.6718197,0.90226036
-0.39670813,0.1303512,1.0999825,0.4974819,0.32688314,0.742805
0.11248348,0.9768292,1.2264111,0.17097667,0.0502142,-0.31253108
0.21979123,-0.89108276,0.8135978,0.5941422,0.5810665,1.0585582
-0.47296077,1.5473179,0.11612041,0.6810145,0.7092758,0.7696831
0.28840786,-0.90001214,0.9572501,0.31113446,1.0738729,0.9489448
1.5546032,-0.6761737,0.41708153,0.5936115,0.13514826,1.7351493
1.0937475,0.91758037,0.64817226,-0.3857244,0.0044670254,0.6906803
0.16923061,0.17797056,0.16991654,0.19894017,-0.06796007,0.0951634
0.26360807,0.5656577,-0.037865058,1.2397354,0.5872031,1.2008538
0.76581687,-0.0066590607,-0.053371698,0.35590932,-0.08439678,0.1711553
0.8788085,0.7960634,0.037048142,0.04907927,0.4390096,-0.18273836
0.3143536,0.54816985,1.7543005,1.0094192,-0.89511275,1.5701625
-0.07010641,0.9166326,0.5370567,0.44100112,-0.1948206,0.5279765
0.02193942,0.67225266,-0.21272382,0.14800823,0.8311627,0.08492847
0.3852973,-0.11930744,1.4211967,-0.47540954,1.4319537,-0.30594206
0.6666495,-1.0096501,1.7128915,1.2885597,-0.063180655,0.3799047
-0.38622284,0.6020257,0.6349063,0.06900546,0.29842705,1.0382485
0.6827095,0.66762,0.5103282,0.24458116,0.45403272,1.5925138
0.96451586,-0.18931596,1.8268393,-0.40299478,0.89548326,0.89923275
0.73970634,0.6602799,-0.71598494,1.0873035,0.86183596,1.2045157
1.2071649,-0.4875213,1.7531399,0.31753138,1.2685076,0.6134666
-1.3425552,1.2717746,1.3070477,1.0778755,1.213893,0.38531286
-0.09417986,-0.116756395,1.3752083,-0.2274931,0.81544495,0.6453431
0.3593908,0.3934092,-0.40924844,0.046047553,0.47682446,0.5542861
0.025480352,0.018059477,0.14210275,0.2737151,-0.10314889,0.43990988
0.22630405,0.8439566,0.43801793,-0.33886993,0.7104172,0.05961979
0.73503125,1.3541142,0.66495335,-0.0424416,0.34093267,-0.052741878
0.24730247,-0.6903049,0.8730943,0.6695082,0.03334035,0.7620724
0.106667034,1.1371654,1.7965037,0.9363608,0.39317787,-0.6198488
1.0337343,-0.8790762,0.60146236,0.70850945,0.20814583,0.12718588
0.97311914,0.30076963,3.0,0.32452983,0.6483648,0.6731772
-0.19091067,1.6265247,0.34938347,1.1993575,1.5976173,0.11899049
-0.84971285,-0.043714777,0.8411691,0.5930691,0.679644,0.97779924
0.37151968,1.7450578,0.11849819,0.2404888,1.3248405,0.40386283
0.734662,-0.043492004,1.0657272,-0.31692198,1.2731199,-0.105564795
-0.2997635,0.5196733,1.613526,0.15362659,1.2363576,0.092526175
1.6133108,0.39275765,-0.11572987,0.44544762,1.2021172,0.010216668
1.039818,0.8382863,0.29971507,0.1039665,-0.17446838,0.8375784
0.27626896,0.52586704,1.5421621,-0.0015792325,0.70553285,-0.16500276
0.26972657,0.991892,0.97639966,1.2529637,2.0691116,0.065840185
-0.09870144,0.8857169,0.5802623,0.16034123,0.6293079,0.22704145
0.4519598,-0.75021803,0.39521247,0.93053746,0.2878399,0.7754783
1.08737,0.08992432,0.2362577,0.26687175,-0.48108715,0.5422241
1.6078062,0.20922728,1.0586779,1.0567386,-0.6539916,-0.20980716
3.0,0.6737343,2.2623816,0.6239853,-1.1112204,0.5623521
0.012235202,0.550805,0.8792609,0.04203597,-0.27958965,0.43583202
1.4137561,1.2605307,-0.124099046,0.9588809,-0.12611645,0.4723404
-0.6562533,0.5101879,0.67677355,0.10005,0.42223263,0.14085115
0.42275262,1.213161,-0.7194766,1.0938741,1.1047254,0.41271487
-0.3588851,-0.016427234,0.9687234,0.7303743,-0.3718642,-0.0111070275
0.32135898,0.14842735,0.17461973,-0.024956867,0.35183293,0.0037138164
-0.3270564,0.43825936,-0.18025964,0.5963352,0.77408814,0.9353692
0.11903428,0.16929413,-0.13036677,1.3099421,1.0322474,1.4064113
0.4809126,-0.28621233,0.24999791,0.009436391,0.18500683,0.071997106
0.05038982,0.3300932,-0.23731548,0.44355324,1.0999546,0.86606085
-0.35991746,0.434435,0.60697746,1.0308061,0.86353445,0.0011417568
0.060133927,0.2769133,-0.16833138,-0.08765503,0.5850568,0.46968052
0.9113133,0.27249366,0.5383339,-0.11511967,0.12676874,0.66715795
0.9670681,0.351444,0.25405192,-0.08234381,0.35921782,1.2010227
0.417081,-0.87488675,0.40742326,0.44000974,0.34772235,0.49233902
1.1519989,0.4835704,0.8578062,0.112961866,-0.3473724,0.37741628
0.20908517,-0.20559268,1.1622653,0.034650326,0.5177726,0.61659056
0.6185894,0.73308784,-0.48954555,0.9247074,0.3546812,1.466605
0.80010027,1.2032604,0.0023701265,-0.32620415,0.84378856,0.4118007
0.15756428,-0.7379899,0.44794977,1.1293752,2.4158084,0.817514
0.20268881,1.0969907,-0.6570687,1.3599503,0.9554224,0.5855715
-0.00041081756,0.19826265,0.07956497,0.38462994,0.06185536,0.13422075
-0.7920583,1.0315523,2.4854207,1.0512406,0.46047562,-0.23944053
1.0320269,0.2548502,0.40634865,1.7691127,-0.1598155,1.4950253
0.69236743,0.19740169,0.16817415,0.037413746,-0.12202343,0.40292472
0.11614792,-0.22761594,0.8293209,-0.113238804,0.17503053,0.24439219
-0.5669479,0.26354516,1.1747744,0.7662398,-0.2797402,0.07021866
-0.23160535,0.8206649,-0.099610776,0.49325028,0.9007767,0.121007055
0.21408767,0.8236413,0.6402947,0.017990164,-0.23439564,0.5248708
2.730901,0.38575923,0.31256595,1.909337,0.3164621,0.62181777
0.8215006,0.2807185,1.0642284,0.6151015,2.0915492,0.7367099
1.2356067,0.36652333,0.44511595,0.19936824,0.15735708,-0.24850047
-0.19767049,0.6744167,2.4853172,0.5605092,0.07413334,-0.06075888
0.72476506,-0.039441302,-0.12287414,0.63908136,-0.11916712,1.1182365
0.4537372,0.4494614,0.6317183,0.10666265,0.052365575,1.6654319
0.407063,-0.47969306,1.1221608,0.38098684,0.31681132,1.2887698
0.58450305,-0.19848375,1.8467778,1.9149003,-0.71832824,0.35089934
1.1871973,0.17356466,0.7365967,0.06551792,-0.4862255,1.2074804
-0.3953016,2.2180197,0.03215906,1.0205402,1.8365852,0.68429565
-0.4399382,0.32991284,1.2941328,-0.1504189,1.2588463,0.066204555
0.28833002,-0.058557674,0.22970511,-0.03489297,0.52132964,-0.0076231062
0.24247348,-0.07450415,0.9090787,-0.07226991,0.03124711,-0.17582443
0.87738204,0.30284023,0.039868638,0.1451884,-0.08268966,0.113638535
0.7847565,1.0068376,-0.1875794,0.35360286,-0.09683727,0.82192534
-0.6970081,2.1261652,0.49277702,0.6674012,0.82522553,0.9297633
0.46715593,-0.6391002,1.2842885,-0.25328836,1.0250466,0.21017
-0.39572367,0.75875396,-0.25948983,0.56951064,0.58520406,0.9776624
-0.046900295,0.3392464,-0.010990858,0.35254797,0.4542002,0.15117064
0.19907331,-0.009508267,0.12610295,1.0249513,0.31653148,1.3056204
1.1534175,-0.700479,0.3555554,0.14397961,0.5805632,0.49511722
0.27905056,-1.097219,1.5115892,0.44606557,0.38473928,0.29556853
1.8758531,1.8912346,1.7991587,-0.45302692,-0.44495344,0.18176737
0.9198478,0.69293696,1.6642251,0.7487589,1.1533496,-0.33551052
-0.22710913,1.2667531,0.1547279,0.34703547,0.40372097,0.77139115
0.9360547,0.39050412,1.2771629,0.030603133,0.0032202154,-0.3700356
-0.08615134,1.0987872,0.34623286,0.013423212,0.5783736,0.023535762
0.40290302,-0.17704712,-0.12085357,-0.03494709,0.44501245,0.36864322
0.89236563,0.0984412,-0.23619154,0.16700616,1.1406211,0.47641125
0.7010042,-0.23467334,1.1287342,-0.22481397,0.5838656,-0.00604593
1.0492928,0.1312931,0.72228277,-0.21926853,0.305819,-0.32310227
1.1784807,-0.6871135,0.91472983,-0.14857477,0.34852248,0.2580524
0.30064455,0.11974664,0.5728953,0.100299165,0.408378,-0.2965605
0.14861584,1.4754653,1.113288,-0.4278989,1.1075085,-0.029498912
0.82982147,0.89721334,1.7448732,-0.53440255,1.5495245,-0.04452779
0.31819817,-0.06700525,0.14996698,0.28404334,0.84184456,0.33256423
0.4611355,-0.2749411,1.9734513,0.013974927,0.31827387,0.30838907
-0.60796994,0.20789362,0.98629,1.0614735,0.9405129,0.48106897
0.71439385,0.66590244,0.20973161,0.35701138,-0.44771224,0.6340421
-0.17706418,1.1813647,-0.16669929,0.86251354,0.13931718,1.070329
-1.3112607,1.166573,1.1787753,0.54035556,1.1675379,0.60433346
0.21686515,0.38975072,0.61546254,0.45713976,0.36061448,-0.46186242
1.055452,0.23636983,0.32460022,0.8758055,2.3064096,0.6380813
0.029437922,-0.24129091,0.620347,0.8449784,-0.24743243,0.0964142
1.7107922,0.27724612,-0.31413928,0.340942,1.1847805,0.2634497
-0.013537712,0.8573196,-0.31053075,0.27497336,0.8098967,0.8346848
1.1008321,0.064057395,-0.15377232,0.8876217,1.2178742,0.23005283
2.3101707,-0.19043641,0.8101084,0.17205304,1.2401114,0.66877055
0.22889361,0.33444571,0.3851343,-0.2700949,0.18993676,0.4513741
0.8337588,0.18671764,1.1826732,0.06257777,0.27426153,-0.4585686
0.9945866,-0.07819353,-0.32870615,0.7286723,0.8052705,0.1064044
1.5366062,-0.5743303,0.3092086,1.1117264,0.31665006,0.09864016
0.44177797,0.29908693,-0.37817872,0.13334253,0.38292265,0.3954706
0.36994272,-0.1493025,0.47870705,1.2965617,1.4879354,0.3839216
1.8220615,-0.61138135,0.23375677,0.7459352,0.11294099,0.07413811
0.73640347,0.32634038,2.4017067,0.072474875,-0.1430144,0.7810952
1.7102219,1.5963324,1.8434187,-0.7881448,-0.04802735,0.9578275
0.20395643,0.32410318,0.26116562,0.32821825,0.039372493,1.3976276
1.3564259,0.38181514,1.67917,1.2136309,-0.92610425,0.2353867
1.8434434,0.4033333,1.2883824,-0.3914286,0.62930644,0.6856743
-0.0764694,0.0035199374,0.5224023,0.29662493,1.2235204,-0.17144299
0.19975469,-0.04345496,-0.25065848,0.53870994,0.5832453,0.44944155
0.23905843,0.49580127,0.49002108,0.2443473,-0.19809984,-0.17833191
0.639252,1.0015876,0.7343786,0.51124483,-0.63845134,1.6149573
0.32649633,0.31403404,-0.19776809,0.931508,1.1013021,0.21888721
1.0996144,1.4431223,0.28087682,0.6386361,-0.12707847,0.13817538
0.80758375,0.19853343,0.7012285,-0.40188476,0.5671132,0.37886348
0.3596725,0.8629586,0.71365714,1.2490599,-0.8726188,0.7290042
0.026209883,0.7568455,0.063192695,0.37474135,-0.09776546,0.22863796
1.2500123,-0.6985731,0.09251389,1.2082918,0.9294415,0.32292673
0.34218132,0.2058099,1.2604862,0.20144424,0.3463673,1.600672
0.025057606,0.20309527,1.1936742,0.29557088,0.39677393,1.2752833
-0.10201671,0.60543704,0.78317595,-0.08457079,1.3236603,-0.10819135
-0.16154471,0.26131427,0.19723615,0.1217675,0.71403605,0.008533478
1.1441381,0.33571082,0.6995534,2.4861376,-0.00909923,0.52968735
-0.04730866,0.650259,-0.032793894,-0.40850034,1.0817423,0.7082408
0.1658524,-0.5647216,0.3942852,0.14469995,0.68900514,0.06863029
0.5539809,-0.45039666,0.83970714,-0.047053583,0.23685624,0.8773346
0.13465917,-0.08042906,0.6834978,0.33595628,0.6514313,0.031772353
0.6103231,-0.3063646,0.111398935,0.30382484,0.44847125,1.0016068
0.2929674,-0.0043268055,1.1541532,0.7880514,-0.44584644,0.35943338
0.13074037,0.13624133,-0.051132023,-0.025632761,0.3141355,0.21681869
-0.014104344,0.19684772,-0.1122933,-0.09318779,0.643404,0.50022113
0.7148928,-0.8221909,0.70039093,0.13661465,0.832256,0.041433327
-0.36429498,0.016008899,0.7525072,0.078827545,0.5297944,0.23601472
0.2068483,0.20492175,1.0958412,0.23213172,0.13925542,0.2272754
1.2406468,-0.30082554,0.56442857,0.31423733,0.18208852,1.3976966
0.46655813,0.2414345,0.8233391,-0.74956584,1.2385575,0.4909953
0.38393176,0.33090442,0.57765985,0.001102142,0.70803684,-0.03671238
0.22328895,0.5899967,0.2793883,0.15678932,0.38593125,-0.11419938
-0.00084171444,0.46012372,-0.07680538,-0.1732398,0.60986197,0.39188924
-0.07055593,0.3025573,0.19879721,0.17038012,0.470145,1.2445123
0.20069668,0.07672264,-0.0772606,-0.12736174,0.931236,0.5008717
-0.6416282,0.7381919,0.14816713,0.50240785,0.723053,1.0650525
0.10855859,0.61509514,0.35460237,1.5417429,-0.033217683,0.24733242
-0.39933652,1.1477562,-0.104197696,0.38725367,1.2996455,0.6206666
0.5681593,0.008981571,0.75417554,-0.372986,0.62510854,-0.19125849
0.16040665,0.4344234,0.49643156,0.16456997,1.0643477,-0.19627276
0.6205152,0.40498835,1.9225558,0.28364766,-0.60855293,1.2367303
0.52545285,0.3798949,-0.099592954,-0.039225243,0.95437235,-0.03508295
0.023134522,0.5520159,1.9372572,0.1585034,-0.043385595,-0.17740127
0.15279281,2.2418778,1.1551399,1.0499246,0.90723675,-0.70930165
1.2362155,0.08090891,2.1309576,0.38136747,1.1991181,-0.015401155
0.9993188,1.4635521,0.5456146,0.18490449,-0.16923325,1.6374868
0.9218791,-0.31158012,0.427061,0.83554745,-0.32005423,0.47344133
0.36931276,2.739757,1.4840747,0.041751977,-0.06284532,0.4634117
-0.1499685,0.057206497,1.0006676,-0.05840855,0.3272739,-0.020627096
-0.5689535,0.110406,0.6446276,1.902698,1.4303986,0.46341124
0.4324147,-0.37259895,1.2858553,0.5977086,0.3148872,-0.42554644
0.49170047,-0.2341146,0.06650562,-0.010658048,0.9419717,0.40419602
-0.10507584,0.009671867,0.69344544,-0.08541242,0.2041786,0.13838983
-0.11761103,0.6604583,0.7039999,0.8132975,0.38631248,-0.23183453
-0.1309132,1.3489118,0.08206836,1.2320902,-0.25363272,1.2189643
0.16316715,0.24248143,0.51943064,-0.14023271,0.17443138,-0.015497409
0.20418468,1.0913141,0.06608413,-0.3557625,1.4790165,0.7296798
0.037318878,-0.06805636,0.18011846,0.26448604,0.11055179,0.541569
1.2087088,1.0864738,-0.9413291,1.7878788,1.0358452,1.1003908
0.109738104,0.77595454,0.31154698,-0.1669024,0.96062464,0.8140357
0.2747965,0.115391254,0.1981338,-0.060325183,0.41727912,0.14355467
0.2765829,0.8551732,0.83163774,-0.23969194,-0.15779082,0.113001
0.570112,-0.29574883,1.0013437,-0.02464097,-0.40340328,0.5637805
0.7768962,0.024206087,-0.41502807,0.77183867,0.45845628,0.5083637
-0.14751631,0.09523825,0.125185,0.21364605,0.13551573,0.54444325
1.3471496,0.7957268,1.3936207,-0.613859,0.3329021,-0.35588914
0.17068821,0.1606087,0.1271045,-0.35599455,0.8042499,0.5567653
-0.27634284,0.9989407,0.3614144,0.31317973,0.6093206,0.01669509
-0.41192985,0.20720156,0.34817034,0.5938422,1.7069691,0.32094082
-0.04212161,0.60178536,0.24914925,0.43455544,0.4676568,-0.10345871
0.9421698,1.0370448,2.1007762,-0.15975055,0.34356198,0.21692267
0.7509666,0.012036666,-0.67158246,0.95725924,1.659009,0.6687334
0.62520695,0.06707795,0.51904786,-0.17639309,0.291223,-0.11735698
0.049814247,0.044651598,0.64655674,-0.12234726,0.0025910884,0.27755487
0.23545605,-0.7221649,1.0988091,0.07577472,1.0585628,0.7274416
-0.11874955,0.03695838,0.08713965,0.23451984,0.095364444,0.2633304
0.3157798,0.29855335,0.36903712,0.35631064,0.4202206,0.6420634
0.38186777,-0.011741683,0.1926721,-0.14303547,0.47699028,0.082614414
0.49618065,1.1781245,-0.065086424,0.20881745,-0.23390667,0.44347215
0.54484195,0.41697192,-0.3883711,0.3785087,0.1172569,0.42627257
0.9536113,0.30925328,1.0426357,0.7353269,-0.5238657,-0.40095368
0.11558624,0.29112625,0.08215339,0.32865795,0.22101969,-0.044499196
0.45467684,0.5708205,0.9079474,-0.829065,1.288492,0.454774
-0.8262748,0.76506495,1.5823737,0.5044915,0.92301553,0.047019117
1.0416033,-0.105435714,-0.47525916,0.65225524,0.79054016,0.3193134
0.6104159,-0.39752877,0.7663927,-0.14552587,1.1076097,0.51731265
0.8945948,0.109222725,0.36157858,-0.49878082,0.85399336,0.45738617
0.24907866,0.44680303,0.63081956,-0.1421136,1.0639997,0.20570704
0.6396276,-0.6957923,0.15119198,0.9969423,0.28146824,0.78807986
0.3598419,0.25184178,0.96658015,0.21602884,-0.32663184,0.32063589
0.88906455,1.156032,-0.0021792203,0.743361,-0.15719368,0.009316698
-0.47224158,0.4482277,0.4957188,0.26869464,0.26719427,0.1508483
-0.6744604,0.8475232,1.2470449,-0.041094385,0.7258137,0.7253582
0.2307606,-0.19607477,1.730846,1.314853,-0.3577872,1.8812641
-0.42900416,0.42667562,0.6825875,-0.35670778,0.8289487,0.32929417
0.38525474,0.8841156,-0.59914005,1.4724602,0.87186193,0.47696683
-0.28213647,0.21379618,0.8945329,1.1056454,-0.19784613,0.06450944
0.765842,-0.39076376,0.21704212,0.10152652,0.5402421,0.044785745
1.1792389,-0.15262695,0.65515375,0.5062373,-0.28528225,0.23653993
0.2036382,-0.350182,0.7594036,-0.01736378,0.1838515,0.26427653
0.591296,0.06288321,1.1764119,0.7426113,-0.73103887,0.2717214
0.51176333,0.7851752,-0.32695955,0.6704159,1.3986298,-0.17355976
0.41791642,0.023276612,1.0393414,0.55422854,-0.37337327,-0.035705097
-0.65630615,0.8112935,0.54056144,0.84764373,0.5254345,0.59796274
0.1565949,-0.13858862,0.14413834,0.10580237,0.2788015,0.6124943
-0.30880052,0.41956925,1.7563714,-0.0064571723,0.24686101,0.4121834
-0.20990378,0.6269023,0.16248867,0.68962556,-0.12355332,0.80393016
0.46790618,-0.35917604,1.0421677,-0.10761339,2.1694705,0.35038722
0.017647333,-0.08599076,-6.117672e-05,0.08120772,0.60141104,0.38789818
0.35600635,0.90044963,0.64114225,1.6067,-0.29020417,0.7384176
0.27594957,-0.72942346,1.4627653,0.19604969,1.0175877,0.39832634
-0.48693073,-0.3092516,1.3997437,1.0559167,0.60307705,0.11180511
1.0239106,-0.995221,0.48621032,0.92368793,0.28048497,-0.02269537
0.351944,1.0960902,-0.38857308,0.962325,0.7086126,0.051018067
-0.70535076,1.2463998,0.037395686,1.2689517,0.83599025,0.7367158
0.6959438,1.8334295,0.47194842,0.66674376,0.102016956,-0.22589803
0.618779,0.79191715,0.42266858,0.38155976,-0.4723096,0.83122665
0.67338413,0.10038625,1.0654529,0.0026746318,0.16089894,-0.3825921
1.1222605,0.8526903,1.5209768,0.62022126,-0.35685092,-0.37368077
-0.3220408,1.8897014,0.90436566,1.940967,1.1880174,-0.096093394
-0.34865603,0.30058402,-0.021466382,0.35886124,0.22988692,0.56149596
0.28069025,0.27546102,0.65460205,1.3078334,-0.46813285,0.50477713
0.020437054,-0.06035374,0.8275598,0.35902354,2.2940688,-0.090641044
0.010341637,0.6719521,-0.16542482,0.43647137,0.9121329,1.0089706
-0.26990122,-0.14440756,0.3678263,0.39357138,0.8747546,0.60940665
-0.36753082,-0.18200438,0.75553036,0.4514015,1.7357272,0.69090056
1.5654576,0.60499626,1.3424613,-0.40158135,0.11314739,0.42551315
0.0044713244,-0.28320986,2.0726657,0.17143618,0.12938301,-0.1759086
0.57744426,0.8593478,0.9067837,-0.30004832,-0.23756956,0.6438564
0.5702267,0.863029,0.6522888,0.684356,0.47001314,0.66870713
1.1495464,-0.65051377,0.04920151,1.7343469,1.3596597,1.1576563
-0.31155515,0.8167268,0.06987198,0.16823083,1.7936428,1.018179
0.4621519,-0.27058,0.24311844,0.65638775,2.0193129,0.28793183
0.24898422,-0.25559938,0.98740876,0.13551864,0.8132663,0.4141119
0.48894277,1.213725,0.13191381,1.1772196,-0.35930663,0.8538098
0.38328266,0.6489816,-0.094169095,-0.016542599,0.12156763,0.5130739
0.038184054,-0.24938701,1.0526055,-0.20754859,0.3712886,0.06007819
0.10596753,0.6544982,-0.15205248,0.20296115,0.24740611,0.09934413
0.16160083,0.5096259,0.13384475,-0.022400953,0.0040150136,0.17446706
0.63720477,0.7042553,-0.16970995,-0.2940652,1.5359566,0.6970583
-0.28552297,0.58115345,1.3934156,0.42468008,0.16977575,-0.15380397
1.5610056,0.20035024,-0.46789238,1.1962923,0.2655642,0.8261542
1.2542338,0.8929674,0.2844175,0.16958211,-0.18122245,0.38130286
-0.54510456,-0.039582863,0.666489,0.4617465,0.18431354,0.14391837
1.8448622,-0.42134267,1.2034684,0.60154456,-0.25419098,1.1654755
0.17847478,0.88761556,1.209281,0.3308946,-0.17336927,-0.5361984
0.3392592,-0.03975527,0.1999616,1.0409671,1.5250424,0.20916855
0.33957666,0.40678954,0.4512665,-0.054641746,-0.2788499,0.3530405
-0.3288318,-0.3007198,0.9641069,0.06255183,1.6767204,0.9889323
1.8913716,1.4917797,0.1759947,0.95632064,-0.23405765,1.6945002
-0.9503466,0.78466785,2.0505073,0.9908988,0.3307013,-0.3203434
0.83064026,0.2188567,0.8026912,0.07738998,-0.30134308,-0.21712428
0.04543499,-0.052221105,0.53099763,0.5454274,-0.30800045,-0.08340516
0.6667246,0.11475922,0.9303653,-0.31049055,0.2827626,0.85747623
0.6564864,0.46712255,-0.6638615,0.7135861,0.91194457,0.39727646
2.5320945,0.16470523,1.2368556,0.3847969,-0.42871618,0.8689507
1.0134797,1.3458157,0.38823768,-0.25118482,-0.093714625,0.33320168
0.47201946,0.17313124,1.176548,1.0868214,-0.10631974,0.72654545
0.43429232,-0.74772567,0.7762641,0.8588056,0.3805815,-0.26534936
1.6456429,1.4282483,0.07715449,1.2022496,0.016930945,-0.07573325
0.22261214,-0.19806485,0.004305303,0.5432855,0.7061354,0.11894086
1.2744583,-0.28515142,-0.02056782,0.41684905,0.8616762,0.2301684
0.57579964,0.21698348,1.0162191,-0.12634623,0.3789559,1.5772213
0.59301096,0.5233395,1.457116,1.2612818,0.4247157,-0.56756645
-0.17127249,-0.024549335,0.35330594,0.34979,0.44489837,0.24825093
-0.35944933,1.2982394,0.09560798,0.7022895,1.0986282,0.0040707886
0.66490585,-0.2776153,0.837407,0.44599608,-0.32741117,0.044853058
0.31326097,-0.23288502,0.14933313,-0.00031173974,0.66007537,0.14420745
1.2824938,0.5470285,-0.54437447,1.1386943,0.9633359,0.022094514
0.82054925,-0.46202034,0.13821982,0.82936454,0.36023182,0.22445884
0.31285724,-0.49783176,0.091236055,0.7591388,1.6145688,0.32250032
0.14364207,-0.57895756,0.95953214,0.15663826,1.5257776,0.12542945
-0.28541166,0.9412598,0.031149454,0.7884878,0.30373225,0.035018228
0.4496109,0.9757183,0.11608717,0.14083208,0.21403712,-0.16107047
0.520001,-0.24882372,0.522007,0.09339484,1.5250069,0.8612285
-0.07740796,0.10608266,0.35086325,0.5696592,1.5759463,0.69870263
-0.34405977,0.7203736,0.315215,-0.13155138,0.70487005,0.87408984
1.651209,-0.15280695,1.3241822,-0.06576585,-0.07779294,0.26412907
0.8869535,0.72863203,0.41913417,-0.3534272,0.19311237,1.0892371
0.08344599,0.3608443,0.41628495,0.17479119,2.6274216,0.041292865
0.084192984,0.6893023,-0.2667212,0.44254884,0.29536137,0.20754287
1.3078738,-0.6912485,0.60439193,0.6629096,0.24224687,-0.10666854
0.16580051,0.19870359,-0.065620214,0.097334385,0.040775135,0.3836084
0.37932298,-0.45568806,0.54261684,0.27114642,-0.14539044,0.37516463
0.3963473,0.81745577,0.07639834,0.77882457,0.38911414,-0.20858696
1.4444966,1.6003361,2.2829497,-0.07755899,-0.43469018,0.8283566
-0.7751166,1.2640897,1.0348939,1.4245231,1.47409,0.92434156
0.7560149,0.3223328,0.82303286,0.2543638,-0.4842655,0.58384657
0.46740675,0.61803234,-0.31974298,0.40458038,0.8938148,0.041508503
0.21051106,0.25197893,-0.13191712,0.33482486,-0.11297524,0.5954304
0.2440302,0.04002513,1.2692938,1.3922532,-0.46710742,0.13717815
0.087678365,-0.04363387,0.12885413,0.07996685,0.271103,0.16141865
1.2040758,1.6151279,0.39803118,0.16336104,-0.15120046,-0.15238258
